ID,	TYPE,	DATEOFBIRTH,	EMAIL,	FIRSTNAME,	LASTNAME,	PASSWORD,	EMPLOYEENUMBER,	HIREDATE,	WORKINGHOURS,	RELATION,	DETAILS,	HV_ID
0050	, 'K',	'1964-01-29',	'Roxanne@Neugebauer.ch',	'Roxanne',	'Neugebauer',	NULL,	NULL,	NULL,	NULL,	NULL,	NULL,	1
0051	, 'K',	'1946-08-25',	'Joan@Ogi.ch',	'Joan',	'Ogi',	NULL,	NULL,	NULL,	NULL,	NULL,	NULL,	2
0052	, 'K',	'1950-07-16',	'Gwenda@Ricchiuto.ch',	'Gwenda',	'Ricchiuto',	NULL,	NULL,	NULL,	NULL,	NULL,	NULL,	3
0053	, 'K',	'1945-01-19',	'Elli@Weyermann.ch',	'Elli',	'Weyermann',	NULL,	NULL,	NULL,	NULL,	NULL,	NULL,	4
0054	, 'K',	'1957-09-06',	'Augustus@Winter.ch',	'Augustus',	'Winter',	NULL,	NULL,	NULL,	NULL,	NULL,	NULL,	5
0055	, 'K',	'1953-12-22',	'Vincent@Wyler.ch',	'Vincent',	'Wyler',	NULL,	NULL,	NULL,	NULL,	NULL,	NULL,	1
0056	, 'K',	'1963-09-15',	'Doreen@Balz.ch',	'Doreen',	'Balz',	NULL,	NULL,	NULL,	NULL,	NULL,	NULL,	2
0057	, 'K',	'1956-11-25',	'Abraham@Dällenbach.ch',	'Abraham',	'Dällenbach',	NULL,	NULL,	NULL,	NULL,	NULL,	NULL,	3
0058	, 'K',	'1947-05-13',	'Hajo@Elmet.ch',	'Hajo',	'Elmet',	NULL,	NULL,	NULL,	NULL,	NULL,	NULL,	4
0059	, 'K',	'1963-03-12',	'Cellina@Graber.ch',	'Cellina',	'Graber',	NULL,	NULL,	NULL,	NULL,	NULL,	NULL,	5
0060	, 'K',	'1953-01-10',	'Nicky@Gschwind.ch',	'Nicky',	'Gschwind',	NULL,	NULL,	NULL,	NULL,	NULL,	NULL,	1
0061	, 'K',	'1953-01-16',	'Ellen@Kupper.ch',	'Ellen',	'Kupper',	NULL,	NULL,	NULL,	NULL,	NULL,	NULL,	2
0062	, 'K',	'1945-04-07',	'Giuseppa@Nast.ch',	'Giuseppa',	'Nast',	NULL,	NULL,	NULL,	NULL,	NULL,	NULL,	3
0063	, 'K',	'1956-10-11',	'Wolfram@Raharimanga.ch',	'Wolfram',	'Raharimanga',	NULL,	NULL,	NULL,	NULL,	NULL,	NULL,	4
0064	, 'K',	'1946-10-07',	'Sophia@Ruh.ch',	'Sophia',	'Ruh',	NULL,	NULL,	NULL,	NULL,	NULL,	NULL,	5
0065	, 'K',	'1945-10-16',	'Celine@Schaad.ch',	'Celine',	'Schaad',	NULL,	NULL,	NULL,	NULL,	NULL,	NULL,	1
0066	, 'K',	'1954-06-12',	'Berit@Schrag.ch',	'Berit',	'Schrag',	NULL,	NULL,	NULL,	NULL,	NULL,	NULL,	2
0067	, 'K',	'1967-05-25',	'Sylvia@Siffert.ch',	'Sylvia',	'Siffert',	NULL,	NULL,	NULL,	NULL,	NULL,	NULL,	3
0068	, 'K',	'1955-11-22',	'Jonathan@Wyss.ch',	'Jonathan',	'Wyss',	NULL,	NULL,	NULL,	NULL,	NULL,	NULL,	4
0069	, 'K',	'1954-10-26',	'Maxine@Zahnd.ch',	'Maxine',	'Zahnd',	NULL,	NULL,	NULL,	NULL,	NULL,	NULL,	5
0070	, 'K',	'1957-08-09',	'Renata@Engler.ch',	'Renata',	'Engler',	NULL,	NULL,	NULL,	NULL,	NULL,	NULL,	1
0071	, 'K',	'1967-10-28',	'Grit@Frnka.ch',	'Grit',	'Frnka',	NULL,	NULL,	NULL,	NULL,	NULL,	NULL,	2
0072	, 'K',	'1956-09-21',	'Stefanie@Gugler.ch',	'Stefanie',	'Gugler',	NULL,	NULL,	NULL,	NULL,	NULL,	NULL,	3
0073	, 'K',	'1964-01-08',	'Jesse@Hegner.ch',	'Jesse',	'Hegner',	NULL,	NULL,	NULL,	NULL,	NULL,	NULL,	4
0074	, 'K',	'1952-11-04',	'Selina@Lüdi.ch',	'Selina',	'Lüdi',	NULL,	NULL,	NULL,	NULL,	NULL,	NULL,	5
0075	, 'K',	'1960-11-17',	'Peer@Ochsner.ch',	'Peer',	'Ochsner',	NULL,	NULL,	NULL,	NULL,	NULL,	NULL,	1
0076	, 'K',	'1953-03-13',	'Karlheinz@Rindlisbacher.ch',	'Karlheinz',	'Rindlisbacher',	NULL,	NULL,	NULL,	NULL,	NULL,	NULL,	2
0077	, 'K',	'1962-11-15',	'Joe@Rued.ch',	'Joe',	'Rued',	NULL,	NULL,	NULL,	NULL,	NULL,	NULL,	3
0078	, 'K',	'1966-06-04',	'Lara@Thüler.ch',	'Lara',	'Thüler',	NULL,	NULL,	NULL,	NULL,	NULL,	NULL,	4
0079	, 'K',	'1956-04-20',	'Giovanni@Zillig.ch',	'Giovanni',	'Zillig',	NULL,	NULL,	NULL,	NULL,	NULL,	NULL,	5
0080	, 'K',	'1960-04-08',	'Eleanor@Christener.ch',	'Eleanor',	'Christener',	NULL,	NULL,	NULL,	NULL,	NULL,	NULL,	1
0081	, 'K',	'1955-05-15',	'Constanze@Elmet.ch',	'Constanze',	'Elmet',	NULL,	NULL,	NULL,	NULL,	NULL,	NULL,	2
0082	, 'K',	'1947-07-10',	'Emmanuel@Eymann.ch',	'Emmanuel',	'Eymann',	NULL,	NULL,	NULL,	NULL,	NULL,	NULL,	3
0083	, 'K',	'1950-06-09',	'Lissy@Feldmann.ch',	'Lissy',	'Feldmann',	NULL,	NULL,	NULL,	NULL,	NULL,	NULL,	4
0084	, 'K',	'1947-05-25',	'Bob@Fuchser.ch',	'Bob',	'Fuchser',	NULL,	NULL,	NULL,	NULL,	NULL,	NULL,	5
0085	, 'K',	'1966-05-10',	'Denise@Ganguillet.ch',	'Denise',	'Ganguillet',	NULL,	NULL,	NULL,	NULL,	NULL,	NULL,	1
0086	, 'K',	'1947-04-04',	'Raffaela@Meyer.ch',	'Raffaela',	'Meyer',	NULL,	NULL,	NULL,	NULL,	NULL,	NULL,	2
0087	, 'K',	'1949-07-17',	'Cornelio@Pinna.ch',	'Cornelio',	'Pinna',	NULL,	NULL,	NULL,	NULL,	NULL,	NULL,	3
0088	, 'K',	'1945-04-10',	'Ben@Eiger.ch',	'Ben',	'Eiger',	NULL,	NULL,	NULL,	NULL,	NULL,	NULL,	4
0089	, 'K',	'1954-11-07',	'Tina@Fuhrer.ch',	'Tina',	'Fuhrer',	NULL,	NULL,	NULL,	NULL,	NULL,	NULL,	5
0090	, 'K',	'1953-07-31',	'Jeremy@Ganguillet.ch',	'Jeremy',	'Ganguillet',	NULL,	NULL,	NULL,	NULL,	NULL,	NULL,	1
0091	, 'K',	'1957-05-23',	'Boris@Gentile.ch',	'Boris',	'Gentile',	NULL,	NULL,	NULL,	NULL,	NULL,	NULL,	2
0092	, 'K',	'1954-02-18',	'Roxanne@Giachino.ch',	'Roxanne',	'Giachino',	NULL,	NULL,	NULL,	NULL,	NULL,	NULL,	3
0093	, 'K',	'1965-03-26',	'Raoul@Gianinazzi.ch',	'Raoul',	'Gianinazzi',	NULL,	NULL,	NULL,	NULL,	NULL,	NULL,	4
0094	, 'K',	'1946-11-17',	'Gunnar@Hess.ch',	'Gunnar',	'Hess',	NULL,	NULL,	NULL,	NULL,	NULL,	NULL,	5
0095	, 'K',	'1963-12-28',	'Viktor@Jäger.ch',	'Viktor',	'Jäger',	NULL,	NULL,	NULL,	NULL,	NULL,	NULL,	1
0096	, 'K',	'1959-12-02',	'Egbert@Kissling.ch',	'Egbert',	'Kissling',	NULL,	NULL,	NULL,	NULL,	NULL,	NULL,	2
0097	, 'K',	'1964-06-13',	'Beate@Plattner.ch',	'Beate',	'Plattner',	NULL,	NULL,	NULL,	NULL,	NULL,	NULL,	3
0098	, 'K',	'1957-06-23',	'Ruprecht@Rubin.ch',	'Ruprecht',	'Rubin',	NULL,	NULL,	NULL,	NULL,	NULL,	NULL,	4
0099	, 'K',	'1961-06-22',	'Julius@Tobler.ch',	'Julius',	'Tobler',	NULL,	NULL,	NULL,	NULL,	NULL,	NULL,	5
0100	, 'K',	'1967-11-05',	'Melanie@Trojahn.ch',	'Melanie',	'Trojahn',	NULL,	NULL,	NULL,	NULL,	NULL,	NULL,	1
0101	, 'K',	'1951-12-09',	'Larissa@Vini.ch',	'Larissa',	'Vini',	NULL,	NULL,	NULL,	NULL,	NULL,	NULL,	2
0102	, 'K',	'1950-10-13',	'Melissa@Wille.ch',	'Melissa',	'Wille',	NULL,	NULL,	NULL,	NULL,	NULL,	NULL,	3
0103	, 'K',	'1961-12-09',	'Bianka@Zürcher.ch',	'Bianka',	'Zürcher',	NULL,	NULL,	NULL,	NULL,	NULL,	NULL,	4
0104	, 'K',	'1947-06-21',	'Ditmar@Eiger.ch',	'Ditmar',	'Eiger',	NULL,	NULL,	NULL,	NULL,	NULL,	NULL,	5
0105	, 'K',	'1964-07-30',	'Helge@Gafner.ch',	'Helge',	'Gafner',	NULL,	NULL,	NULL,	NULL,	NULL,	NULL,	1
0106	, 'K',	'1955-11-11',	'Mirella@Gerster.ch',	'Mirella',	'Gerster',	NULL,	NULL,	NULL,	NULL,	NULL,	NULL,	2
0107	, 'K',	'1967-05-05',	'Jeffery@Rimensberger.ch',	'Jeffery',	'Rimensberger',	NULL,	NULL,	NULL,	NULL,	NULL,	NULL,	3
0108	, 'K',	'1960-09-01',	'Lothar@Aeschbacher.ch',	'Lothar',	'Aeschbacher',	NULL,	NULL,	NULL,	NULL,	NULL,	NULL,	4
0109	, 'K',	'1952-03-25',	'Silke@Beyeler.ch',	'Silke',	'Beyeler',	NULL,	NULL,	NULL,	NULL,	NULL,	NULL,	5
0110	, 'K',	'1961-01-01',	'Anette@Brönnimann.ch',	'Anette',	'Brönnimann',	NULL,	NULL,	NULL,	NULL,	NULL,	NULL,	1
0111	, 'K',	'1966-10-07',	'Gunnar@Eichenberger.ch',	'Gunnar',	'Eichenberger',	NULL,	NULL,	NULL,	NULL,	NULL,	NULL,	2
0112	, 'K',	'1949-09-27',	'Brigitta@Gilgen.ch',	'Brigitta',	'Gilgen',	NULL,	NULL,	NULL,	NULL,	NULL,	NULL,	3
0113	, 'K',	'1967-01-01',	'Martha@Gisler.ch',	'Martha',	'Gisler',	NULL,	NULL,	NULL,	NULL,	NULL,	NULL,	4
0114	, 'K',	'1954-08-04',	'Bob@Helbling.ch',	'Bob',	'Helbling',	NULL,	NULL,	NULL,	NULL,	NULL,	NULL,	5
0115	, 'K',	'1959-09-03',	'Joshua@Jaun.ch',	'Joshua',	'Jaun',	NULL,	NULL,	NULL,	NULL,	NULL,	NULL,	1
0116	, 'K',	'1955-04-20',	'Larissa@Jent.ch',	'Larissa',	'Jent',	NULL,	NULL,	NULL,	NULL,	NULL,	NULL,	2
0117	, 'K',	'1957-09-14',	'Aurica@Bucher.ch',	'Aurica',	'Bucher',	NULL,	NULL,	NULL,	NULL,	NULL,	NULL,	3
0118	, 'K',	'1957-09-07',	'Bettina@Giesser.ch',	'Bettina',	'Giesser',	NULL,	NULL,	NULL,	NULL,	NULL,	NULL,	4
0119	, 'K',	'1961-02-24',	'Kirstin@Jahn.ch',	'Kirstin',	'Jahn',	NULL,	NULL,	NULL,	NULL,	NULL,	NULL,	5
0120	, 'K',	'1958-02-18',	'Fabiana@Petris.ch',	'Fabiana',	'Petris',	NULL,	NULL,	NULL,	NULL,	NULL,	NULL,	1
0121	, 'K',	'1948-11-13',	'Elina@Plüss.ch',	'Elina',	'Plüss',	NULL,	NULL,	NULL,	NULL,	NULL,	NULL,	2
0122	, 'K',	'1963-11-03',	'Olivia@Seethaler.ch',	'Olivia',	'Seethaler',	NULL,	NULL,	NULL,	NULL,	NULL,	NULL,	3
0123	, 'K',	'1947-08-26',	'Arthur@Dalcher.ch',	'Arthur',	'Dalcher',	NULL,	NULL,	NULL,	NULL,	NULL,	NULL,	4
0124	, 'K',	'1950-12-12',	'Luther@Fräfel.ch',	'Luther',	'Fräfel',	NULL,	NULL,	NULL,	NULL,	NULL,	NULL,	5
0125	, 'K',	'1957-03-30',	'Adrian@Gerber.ch',	'Adrian',	'Gerber',	NULL,	NULL,	NULL,	NULL,	NULL,	NULL,	1
0126	, 'K',	'1962-11-04',	'Jochim@Grandjean.ch',	'Jochim',	'Grandjean',	NULL,	NULL,	NULL,	NULL,	NULL,	NULL,	2
0127	, 'K',	'1957-06-07',	'Dennis@Martin.ch',	'Dennis',	'Martin',	NULL,	NULL,	NULL,	NULL,	NULL,	NULL,	3
0128	, 'K',	'1957-10-27',	'Klemens@Neugebauer.ch',	'Klemens',	'Neugebauer',	NULL,	NULL,	NULL,	NULL,	NULL,	NULL,	4
0129	, 'K',	'1957-05-10',	'Bjorn@Urwyler.ch',	'Bjorn',	'Urwyler',	NULL,	NULL,	NULL,	NULL,	NULL,	NULL,	5
0130	, 'K',	'1964-09-13',	'Cellina@Utz.ch',	'Cellina',	'Utz',	NULL,	NULL,	NULL,	NULL,	NULL,	NULL,	1
0131	, 'K',	'1945-08-30',	'Ismail@Viret.ch',	'Ismail',	'Viret',	NULL,	NULL,	NULL,	NULL,	NULL,	NULL,	2
0132	, 'K',	'1959-02-08',	'Leonardo@Walpen.ch',	'Leonardo',	'Walpen',	NULL,	NULL,	NULL,	NULL,	NULL,	NULL,	3
0133	, 'K',	'1950-08-02',	'Rodolph@Terranova.ch',	'Rodolph',	'Terranova',	NULL,	NULL,	NULL,	NULL,	NULL,	NULL,	4
0134	, 'K',	'1957-05-31',	'Clementine@Würgler.ch',	'Clementine',	'Würgler',	NULL,	NULL,	NULL,	NULL,	NULL,	NULL,	5
0135	, 'K',	'1968-06-07',	'Marco@Baumgartner.ch',	'Marco',	'Baumgartner',	NULL,	NULL,	NULL,	NULL,	NULL,	NULL,	1
0136	, 'K',	'1946-05-26',	'Hajo@Burkhalter.ch',	'Hajo',	'Burkhalter',	NULL,	NULL,	NULL,	NULL,	NULL,	NULL,	2
0137	, 'K',	'1968-04-16',	'Moni@Bürge.ch',	'Moni',	'Bürge',	NULL,	NULL,	NULL,	NULL,	NULL,	NULL,	3
0138	, 'K',	'1959-03-02',	'Margit@Eisenhut.ch',	'Margit',	'Eisenhut',	NULL,	NULL,	NULL,	NULL,	NULL,	NULL,	4
0139	, 'K',	'1949-02-05',	'Annekathrin@Gander.ch',	'Annekathrin',	'Gander',	NULL,	NULL,	NULL,	NULL,	NULL,	NULL,	5
0140	, 'K',	'1967-04-20',	'Ali@Gasser.ch',	'Ali',	'Gasser',	NULL,	NULL,	NULL,	NULL,	NULL,	NULL,	1
0141	, 'K',	'1945-04-21',	'Luigi@Günter.ch',	'Luigi',	'Günter',	NULL,	NULL,	NULL,	NULL,	NULL,	NULL,	2
0142	, 'K',	'1961-10-19',	'Malin@Hasler.ch',	'Malin',	'Hasler',	NULL,	NULL,	NULL,	NULL,	NULL,	NULL,	3
0143	, 'K',	'1949-05-14',	'Tatjana@Hugi.ch',	'Tatjana',	'Hugi',	NULL,	NULL,	NULL,	NULL,	NULL,	NULL,	4
0144	, 'K',	'1949-11-29',	'Annalena@Rolli.ch',	'Annalena',	'Rolli',	NULL,	NULL,	NULL,	NULL,	NULL,	NULL,	5
0145	, 'K',	'1945-08-17',	'Fatima@Steinmann.ch',	'Fatima',	'Steinmann',	NULL,	NULL,	NULL,	NULL,	NULL,	NULL,	1
0146	, 'K',	'1960-05-24',	'Helen@Wülser.ch',	'Helen',	'Wülser',	NULL,	NULL,	NULL,	NULL,	NULL,	NULL,	2
0147	, 'K',	'1945-06-30',	'Noah@Bögöthy.ch',	'Noah',	'Bögöthy',	NULL,	NULL,	NULL,	NULL,	NULL,	NULL,	3
0148	, 'K',	'1955-02-22',	'Jules@Gerteis.ch',	'Jules',	'Gerteis',	NULL,	NULL,	NULL,	NULL,	NULL,	NULL,	4
0149	, 'K',	'1968-01-15',	'Heinrich@Hebeisen.ch',	'Heinrich',	'Hebeisen',	NULL,	NULL,	NULL,	NULL,	NULL,	NULL,	5
0150	, 'K',	'1953-03-14',	'Julius@Kiener.ch',	'Julius',	'Kiener',	NULL,	NULL,	NULL,	NULL,	NULL,	NULL,	1
0151	, 'K',	'1954-08-26',	'Ulf@Netos.ch',	'Ulf',	'Netos',	NULL,	NULL,	NULL,	NULL,	NULL,	NULL,	2
0152	, 'K',	'1953-11-26',	'Olaf@Rademacher.ch',	'Olaf',	'Rademacher',	NULL,	NULL,	NULL,	NULL,	NULL,	NULL,	3
0153	, 'K',	'1955-04-02',	'Mathieu@Stäuble.ch',	'Mathieu',	'Stäuble',	NULL,	NULL,	NULL,	NULL,	NULL,	NULL,	4
0154	, 'K',	'1963-02-23',	'Roger@Vögeli.ch',	'Roger',	'Vögeli',	NULL,	NULL,	NULL,	NULL,	NULL,	NULL,	5
0155	, 'K',	'1944-11-28',	'Vinzent@Weyers.ch',	'Vinzent',	'Weyers',	NULL,	NULL,	NULL,	NULL,	NULL,	NULL,	1
0156	, 'K',	'1966-05-18',	'Klara@Wüthrich.ch',	'Klara',	'Wüthrich',	NULL,	NULL,	NULL,	NULL,	NULL,	NULL,	2
0157	, 'K',	'1953-03-19',	'Stefanie@Czibula.ch',	'Stefanie',	'Czibula',	NULL,	NULL,	NULL,	NULL,	NULL,	NULL,	3
0158	, 'K',	'1959-01-03',	'Adrian@Duse.ch',	'Adrian',	'Duse',	NULL,	NULL,	NULL,	NULL,	NULL,	NULL,	4
0159	, 'K',	'1960-02-02',	'Luca@Dusil.ch',	'Luca',	'Dusil',	NULL,	NULL,	NULL,	NULL,	NULL,	NULL,	5
0160	, 'K',	'1964-10-30',	'Knut@Fatuzzo.ch',	'Knut',	'Fatuzzo',	NULL,	NULL,	NULL,	NULL,	NULL,	NULL,	1
0161	, 'K',	'1947-11-25',	'Wladimir@Fels.ch',	'Wladimir',	'Fels',	NULL,	NULL,	NULL,	NULL,	NULL,	NULL,	2
0162	, 'K',	'1955-10-03',	'Jacky@Fischli.ch',	'Jacky',	'Fischli',	NULL,	NULL,	NULL,	NULL,	NULL,	NULL,	3
0163	, 'K',	'1967-03-15',	'Maxime@Füeg.ch',	'Maxime',	'Füeg',	NULL,	NULL,	NULL,	NULL,	NULL,	NULL,	4
0164	, 'K',	'1956-08-19',	'Raffaela@Gammeter.ch',	'Raffaela',	'Gammeter',	NULL,	NULL,	NULL,	NULL,	NULL,	NULL,	5
0165	, 'K',	'1967-06-15',	'Yves@Gauderon.ch',	'Yves',	'Gauderon',	NULL,	NULL,	NULL,	NULL,	NULL,	NULL,	1
0166	, 'K',	'1966-04-21',	'Napoleon@Georgieva.ch',	'Napoleon',	'Georgieva',	NULL,	NULL,	NULL,	NULL,	NULL,	NULL,	2
0167	, 'K',	'1965-02-04',	'Carl@Gisin.ch',	'Carl',	'Gisin',	NULL,	NULL,	NULL,	NULL,	NULL,	NULL,	3
0168	, 'K',	'1955-02-13',	'Henrika@Gysin.ch',	'Henrika',	'Gysin',	NULL,	NULL,	NULL,	NULL,	NULL,	NULL,	4
0169	, 'K',	'1950-11-26',	'Annalena@Günter.ch',	'Annalena',	'Günter',	NULL,	NULL,	NULL,	NULL,	NULL,	NULL,	5
0170	, 'K',	'1946-01-07',	'Wilhelm@Kupper.ch',	'Wilhelm',	'Kupper',	NULL,	NULL,	NULL,	NULL,	NULL,	NULL,	1
0171	, 'K',	'1963-02-26',	'Nathalie@Lang.ch',	'Nathalie',	'Lang',	NULL,	NULL,	NULL,	NULL,	NULL,	NULL,	2
0172	, 'K',	'1950-07-28',	'Valerie@Nacht.ch',	'Valerie',	'Nacht',	NULL,	NULL,	NULL,	NULL,	NULL,	NULL,	3
0173	, 'K',	'1948-03-02',	'Pascal@Barben.ch',	'Pascal',	'Barben',	NULL,	NULL,	NULL,	NULL,	NULL,	NULL,	4
0174	, 'K',	'1955-01-01',	'Ben@Eisenhut.ch',	'Ben',	'Eisenhut',	NULL,	NULL,	NULL,	NULL,	NULL,	NULL,	5
0175	, 'K',	'1965-07-27',	'Lena@Fournier.ch',	'Lena',	'Fournier',	NULL,	NULL,	NULL,	NULL,	NULL,	NULL,	1
0176	, 'K',	'1945-04-24',	'Ditmar@Garbujo.ch',	'Ditmar',	'Garbujo',	NULL,	NULL,	NULL,	NULL,	NULL,	NULL,	2
0177	, 'K',	'1962-02-02',	'Christopher@Guidolin.ch',	'Christopher',	'Guidolin',	NULL,	NULL,	NULL,	NULL,	NULL,	NULL,	3
0178	, 'K',	'1958-02-20',	'Brian@Vallotton.ch',	'Brian',	'Vallotton',	NULL,	NULL,	NULL,	NULL,	NULL,	NULL,	4
0179	, 'K',	'1964-08-07',	'Sepp@Aeschlimann.ch',	'Sepp',	'Aeschlimann',	NULL,	NULL,	NULL,	NULL,	NULL,	NULL,	5
0180	, 'K',	'1957-09-04',	'Kathrin@Brügger.ch',	'Kathrin',	'Brügger',	NULL,	NULL,	NULL,	NULL,	NULL,	NULL,	1
0181	, 'K',	'1951-12-25',	'Grit@Ekinci.ch',	'Grit',	'Ekinci',	NULL,	NULL,	NULL,	NULL,	NULL,	NULL,	2
0182	, 'K',	'1948-03-17',	'Hildemar@Etter.ch',	'Hildemar',	'Etter',	NULL,	NULL,	NULL,	NULL,	NULL,	NULL,	3
0183	, 'K',	'1959-12-30',	'Rickie@Gehri.ch',	'Rickie',	'Gehri',	NULL,	NULL,	NULL,	NULL,	NULL,	NULL,	4
0184	, 'K',	'1945-03-14',	'Maximilian@Geiger.ch',	'Maximilian',	'Geiger',	NULL,	NULL,	NULL,	NULL,	NULL,	NULL,	5
0185	, 'K',	'1966-02-07',	'Jacky@Hermenjat.ch',	'Jacky',	'Hermenjat',	NULL,	NULL,	NULL,	NULL,	NULL,	NULL,	1
0186	, 'K',	'1964-12-22',	'Milina@Kammerer.ch',	'Milina',	'Kammerer',	NULL,	NULL,	NULL,	NULL,	NULL,	NULL,	2
0187	, 'K',	'1957-11-26',	'Lisa@Leu.ch',	'Lisa',	'Leu',	NULL,	NULL,	NULL,	NULL,	NULL,	NULL,	3
0188	, 'K',	'1950-02-28',	'Steve@Mlinar.ch',	'Steve',	'Mlinar',	NULL,	NULL,	NULL,	NULL,	NULL,	NULL,	4
0189	, 'K',	'1960-09-25',	'Wolfgang@Rösselet.ch',	'Wolfgang',	'Rösselet',	NULL,	NULL,	NULL,	NULL,	NULL,	NULL,	5
0190	, 'K',	'1965-01-20',	'Raffaela@Schär.ch',	'Raffaela',	'Schär',	NULL,	NULL,	NULL,	NULL,	NULL,	NULL,	1
0191	, 'K',	'1947-07-06',	'Udele@Staub.ch',	'Udele',	'Staub',	NULL,	NULL,	NULL,	NULL,	NULL,	NULL,	2
0192	, 'K',	'1955-04-25',	'Raphaela@Winter.ch',	'Raphaela',	'Winter',	NULL,	NULL,	NULL,	NULL,	NULL,	NULL,	3
0193	, 'K',	'1952-03-12',	'Fiona@Bircher.ch',	'Fiona',	'Bircher',	NULL,	NULL,	NULL,	NULL,	NULL,	NULL,	4
0194	, 'K',	'1949-02-20',	'Marcel@Bruell.ch',	'Marcel',	'Bruell',	NULL,	NULL,	NULL,	NULL,	NULL,	NULL,	5
0195	, 'K',	'1949-07-07',	'Severin@Eggermann.ch',	'Severin',	'Eggermann',	NULL,	NULL,	NULL,	NULL,	NULL,	NULL,	1
0196	, 'K',	'1950-05-07',	'Heidi@Furtado.ch',	'Heidi',	'Furtado',	NULL,	NULL,	NULL,	NULL,	NULL,	NULL,	2
0197	, 'K',	'1968-03-06',	'Janosch@Gentile.ch',	'Janosch',	'Gentile',	NULL,	NULL,	NULL,	NULL,	NULL,	NULL,	3
0198	, 'K',	'1947-01-02',	'Cornelius@Gfeller.ch',	'Cornelius',	'Gfeller',	NULL,	NULL,	NULL,	NULL,	NULL,	NULL,	4
0199	, 'K',	'1956-11-20',	'Fabienne@Grundlehner.ch',	'Fabienne',	'Grundlehner',	NULL,	NULL,	NULL,	NULL,	NULL,	NULL,	5
0200	, 'K',	'1955-09-12',	'Oli@Gröli.ch',	'Oli',	'Gröli',	NULL,	NULL,	NULL,	NULL,	NULL,	NULL,	1
0201	, 'K',	'1962-05-18',	'Luka@Gugler.ch',	'Luka',	'Gugler',	NULL,	NULL,	NULL,	NULL,	NULL,	NULL,	2
0202	, 'K',	'1944-03-27',	'Oli@Hurter.ch',	'Oli',	'Hurter',	NULL,	NULL,	NULL,	NULL,	NULL,	NULL,	3
0203	, 'K',	'1963-01-22',	'Artur@Hönger.ch',	'Artur',	'Hönger',	NULL,	NULL,	NULL,	NULL,	NULL,	NULL,	4
0204	, 'K',	'1944-01-16',	'Philipp@Klopfenstein.ch',	'Philipp',	'Klopfenstein',	NULL,	NULL,	NULL,	NULL,	NULL,	NULL,	5
0205	, 'K',	'1955-02-08',	'Heino@Liechti.ch',	'Heino',	'Liechti',	NULL,	NULL,	NULL,	NULL,	NULL,	NULL,	1
0206	, 'K',	'1956-03-09',	'Gunter@Lüdi.ch',	'Gunter',	'Lüdi',	NULL,	NULL,	NULL,	NULL,	NULL,	NULL,	2
0207	, 'K',	'1947-04-12',	'Constanze@Raharimanga.ch',	'Constanze',	'Raharimanga',	NULL,	NULL,	NULL,	NULL,	NULL,	NULL,	3
0208	, 'K',	'1964-06-05',	'Brian@Ramseier.ch',	'Brian',	'Ramseier',	NULL,	NULL,	NULL,	NULL,	NULL,	NULL,	4
0209	, 'K',	'1947-04-16',	'Jimmy@Rocchi.ch',	'Jimmy',	'Rocchi',	NULL,	NULL,	NULL,	NULL,	NULL,	NULL,	5
0210	, 'K',	'1946-05-26',	'Douglas@Rüttimann.ch',	'Douglas',	'Rüttimann',	NULL,	NULL,	NULL,	NULL,	NULL,	NULL,	1
0211	, 'K',	'1965-08-05',	'Patrick@Thüler.ch',	'Patrick',	'Thüler',	NULL,	NULL,	NULL,	NULL,	NULL,	NULL,	2
0212	, 'K',	'1952-03-12',	'Nico@Trautmann.ch',	'Nico',	'Trautmann',	NULL,	NULL,	NULL,	NULL,	NULL,	NULL,	3
0213	, 'K',	'1963-11-20',	'Tizian@Turnes.ch',	'Tizian',	'Turnes',	NULL,	NULL,	NULL,	NULL,	NULL,	NULL,	4
0214	, 'K',	'1950-04-23',	'Nicolle@Wittwer.ch',	'Nicolle',	'Wittwer',	NULL,	NULL,	NULL,	NULL,	NULL,	NULL,	5
0215	, 'K',	'1944-04-08',	'Casimir@Zimmerli.ch',	'Casimir',	'Zimmerli',	NULL,	NULL,	NULL,	NULL,	NULL,	NULL,	1
0216	, 'K',	'1956-02-26',	'Xaverine@Balteschwiler.ch',	'Xaverine',	'Balteschwiler',	NULL,	NULL,	NULL,	NULL,	NULL,	NULL,	2
0217	, 'K',	'1952-06-11',	'Markus@Bircher.ch',	'Markus',	'Bircher',	NULL,	NULL,	NULL,	NULL,	NULL,	NULL,	3
0218	, 'K',	'1951-12-09',	'Gunther@Egger.ch',	'Gunther',	'Egger',	NULL,	NULL,	NULL,	NULL,	NULL,	NULL,	4
0219	, 'K',	'1945-02-15',	'Steven@Eggli.ch',	'Steven',	'Eggli',	NULL,	NULL,	NULL,	NULL,	NULL,	NULL,	5
0220	, 'K',	'1946-09-11',	'Holger@Friso.ch',	'Holger',	'Friso',	NULL,	NULL,	NULL,	NULL,	NULL,	NULL,	1
0221	, 'K',	'1944-11-10',	'Kai-Olaf@Früh.ch',	'Kai-Olaf',	'Früh',	NULL,	NULL,	NULL,	NULL,	NULL,	NULL,	2
0222	, 'K',	'1957-03-30',	'Manuel@Gremaud.ch',	'Manuel',	'Gremaud',	NULL,	NULL,	NULL,	NULL,	NULL,	NULL,	3
0223	, 'K',	'1960-11-12',	'Stephanie@Greuter.ch',	'Stephanie',	'Greuter',	NULL,	NULL,	NULL,	NULL,	NULL,	NULL,	4
0224	, 'K',	'1955-08-07',	'Casimir@Gyger.ch',	'Casimir',	'Gyger',	NULL,	NULL,	NULL,	NULL,	NULL,	NULL,	5
0225	, 'K',	'1948-08-12',	'Laurent@Jackowski.ch',	'Laurent',	'Jackowski',	NULL,	NULL,	NULL,	NULL,	NULL,	NULL,	1
0226	, 'K',	'1949-09-26',	'Evelyn@Thüler.ch',	'Evelyn',	'Thüler',	NULL,	NULL,	NULL,	NULL,	NULL,	NULL,	2
0227	, 'K',	'1964-10-10',	'Lukas@Weber.ch',	'Lukas',	'Weber',	NULL,	NULL,	NULL,	NULL,	NULL,	NULL,	3
0228	, 'K',	'1965-05-15',	'Sonja@Caduff.ch',	'Sonja',	'Caduff',	NULL,	NULL,	NULL,	NULL,	NULL,	NULL,	4
0229	, 'K',	'1958-03-08',	'Pablo@Eschler.ch',	'Pablo',	'Eschler',	NULL,	NULL,	NULL,	NULL,	NULL,	NULL,	5
0230	, 'K',	'1956-12-28',	'Melanie@Eschmann.ch',	'Melanie',	'Eschmann',	NULL,	NULL,	NULL,	NULL,	NULL,	NULL,	1
0231	, 'K',	'1963-05-16',	'Sonja@Fabbrocile.ch',	'Sonja',	'Fabbrocile',	NULL,	NULL,	NULL,	NULL,	NULL,	NULL,	2
0232	, 'K',	'1954-06-08',	'Pia-@Feller.ch',	'Pia-',	'Feller',	NULL,	NULL,	NULL,	NULL,	NULL,	NULL,	3
0233	, 'K',	'1959-05-13',	'Samira@Fivian.ch',	'Samira',	'Fivian',	NULL,	NULL,	NULL,	NULL,	NULL,	NULL,	4
0234	, 'K',	'1958-09-08',	'Oskar@Friedrich.ch',	'Oskar',	'Friedrich',	NULL,	NULL,	NULL,	NULL,	NULL,	NULL,	5
0235	, 'K',	'1950-03-26',	'Axel@Fuchs.ch',	'Axel',	'Fuchs',	NULL,	NULL,	NULL,	NULL,	NULL,	NULL,	1
0236	, 'K',	'1956-04-12',	'Romy@Furter.ch',	'Romy',	'Furter',	NULL,	NULL,	NULL,	NULL,	NULL,	NULL,	2
0237	, 'K',	'1950-04-16',	'Elvira@Gaeng.ch',	'Elvira',	'Gaeng',	NULL,	NULL,	NULL,	NULL,	NULL,	NULL,	3
0238	, 'K',	'1958-09-05',	'Francesco@Geiser.ch',	'Francesco',	'Geiser',	NULL,	NULL,	NULL,	NULL,	NULL,	NULL,	4
0239	, 'K',	'1950-04-25',	'Wolfram@Gmür.ch',	'Wolfram',	'Gmür',	NULL,	NULL,	NULL,	NULL,	NULL,	NULL,	5
0240	, 'K',	'1953-06-30',	'Bertha@Gomez.ch',	'Bertha',	'Gomez',	NULL,	NULL,	NULL,	NULL,	NULL,	NULL,	1
0241	, 'K',	'1959-05-30',	'Dimitri@Gubler.ch',	'Dimitri',	'Gubler',	NULL,	NULL,	NULL,	NULL,	NULL,	NULL,	2
0242	, 'K',	'1951-11-02',	'Andre@Hurtzelmann.ch',	'Andre',	'Hurtzelmann',	NULL,	NULL,	NULL,	NULL,	NULL,	NULL,	3
0243	, 'K',	'1944-01-19',	'Claudia@Keller.ch',	'Claudia',	'Keller',	NULL,	NULL,	NULL,	NULL,	NULL,	NULL,	4
0244	, 'K',	'1961-10-30',	'Anuschka@Leuner.ch',	'Anuschka',	'Leuner',	NULL,	NULL,	NULL,	NULL,	NULL,	NULL,	5
0245	, 'K',	'1952-11-16',	'Roxanne@Locher.ch',	'Roxanne',	'Locher',	NULL,	NULL,	NULL,	NULL,	NULL,	NULL,	1
0246	, 'K',	'1946-11-23',	'Sylvia@Nanzer.ch',	'Sylvia',	'Nanzer',	NULL,	NULL,	NULL,	NULL,	NULL,	NULL,	2
0247	, 'K',	'1947-08-03',	'Floretta@Nyffeler.ch',	'Floretta',	'Nyffeler',	NULL,	NULL,	NULL,	NULL,	NULL,	NULL,	3
0248	, 'K',	'1962-01-04',	'Fiona@Peschl.ch',	'Fiona',	'Peschl',	NULL,	NULL,	NULL,	NULL,	NULL,	NULL,	4
0249	, 'K',	'1950-08-06',	'Maximilian@Pinna.ch',	'Maximilian',	'Pinna',	NULL,	NULL,	NULL,	NULL,	NULL,	NULL,	5
0250	, 'K',	'1958-09-08',	'Nadine@Simon.ch',	'Nadine',	'Simon',	NULL,	NULL,	NULL,	NULL,	NULL,	NULL,	1
0251	, 'K',	'1959-07-05',	'Maurice@Stettler.ch',	'Maurice',	'Stettler',	NULL,	NULL,	NULL,	NULL,	NULL,	NULL,	2
0252	, 'K',	'1963-12-17',	'Patricia@Trojahn.ch',	'Patricia',	'Trojahn',	NULL,	NULL,	NULL,	NULL,	NULL,	NULL,	3
0253	, 'K',	'1965-02-22',	'Constanze@du.ch',	'Constanze',	'du',	NULL,	NULL,	NULL,	NULL,	NULL,	NULL,	4
0254	, 'K',	'1963-03-28',	'Maurizio@Pescio.ch',	'Maurizio',	'Pescio',	NULL,	NULL,	NULL,	NULL,	NULL,	NULL,	5
0255	, 'K',	'1963-10-30',	'Udele@Andres.ch',	'Udele',	'Andres',	NULL,	NULL,	NULL,	NULL,	NULL,	NULL,	1
0256	, 'K',	'1965-11-17',	'Sammy@Baumann.ch',	'Sammy',	'Baumann',	NULL,	NULL,	NULL,	NULL,	NULL,	NULL,	2
0257	, 'K',	'1959-03-16',	'Leonard@Blumer.ch',	'Leonard',	'Blumer',	NULL,	NULL,	NULL,	NULL,	NULL,	NULL,	3
0258	, 'K',	'1944-01-03',	'Sigmund@Fahrni.ch',	'Sigmund',	'Fahrni',	NULL,	NULL,	NULL,	NULL,	NULL,	NULL,	4
0259	, 'K',	'1954-11-02',	'Ted@Fuchs.ch',	'Ted',	'Fuchs',	NULL,	NULL,	NULL,	NULL,	NULL,	NULL,	5
0260	, 'K',	'1959-11-11',	'Lucas@Gerber.ch',	'Lucas',	'Gerber',	NULL,	NULL,	NULL,	NULL,	NULL,	NULL,	1
0261	, 'K',	'1950-08-18',	'Helen@Gnägi.ch',	'Helen',	'Gnägi',	NULL,	NULL,	NULL,	NULL,	NULL,	NULL,	2
0262	, 'K',	'1955-06-02',	'Odo@Grundbacher.ch',	'Odo',	'Grundbacher',	NULL,	NULL,	NULL,	NULL,	NULL,	NULL,	3
0263	, 'K',	'1945-06-13',	'Moni@Gugger.ch',	'Moni',	'Gugger',	NULL,	NULL,	NULL,	NULL,	NULL,	NULL,	4
0264	, 'K',	'1950-01-14',	'Jasmina@Lüdi.ch',	'Jasmina',	'Lüdi',	NULL,	NULL,	NULL,	NULL,	NULL,	NULL,	5
0265	, 'K',	'1947-07-12',	'Ken@Nemetschek.ch',	'Ken',	'Nemetschek',	NULL,	NULL,	NULL,	NULL,	NULL,	NULL,	1
0266	, 'K',	'1949-12-30',	'Johannes@Neuhaus.ch',	'Johannes',	'Neuhaus',	NULL,	NULL,	NULL,	NULL,	NULL,	NULL,	2
0267	, 'K',	'1963-05-21',	'Angelika@Schär.ch',	'Angelika',	'Schär',	NULL,	NULL,	NULL,	NULL,	NULL,	NULL,	3
0268	, 'K',	'1955-02-14',	'Luca@Staub.ch',	'Luca',	'Staub',	NULL,	NULL,	NULL,	NULL,	NULL,	NULL,	4
0269	, 'K',	'1960-01-21',	'Mathieu@Ulrich.ch',	'Mathieu',	'Ulrich',	NULL,	NULL,	NULL,	NULL,	NULL,	NULL,	5
0270	, 'K',	'1955-10-11',	'Selma@Ulrich.ch',	'Selma',	'Ulrich',	NULL,	NULL,	NULL,	NULL,	NULL,	NULL,	1
0271	, 'K',	'1956-02-20',	'York@Baur.ch',	'York',	'Baur',	NULL,	NULL,	NULL,	NULL,	NULL,	NULL,	2
0272	, 'K',	'1960-08-27',	'Bodo@Bebie.ch',	'Bodo',	'Bebie',	NULL,	NULL,	NULL,	NULL,	NULL,	NULL,	3
0273	, 'K',	'1962-03-26',	'Roberto@Bischof.ch',	'Roberto',	'Bischof',	NULL,	NULL,	NULL,	NULL,	NULL,	NULL,	4
0274	, 'K',	'1955-02-06',	'Johann@Brazerol.ch',	'Johann',	'Brazerol',	NULL,	NULL,	NULL,	NULL,	NULL,	NULL,	5
0275	, 'K',	'1960-12-15',	'Clara@Ekholm.ch',	'Clara',	'Ekholm',	NULL,	NULL,	NULL,	NULL,	NULL,	NULL,	1
0276	, 'K',	'1963-11-12',	'Xander@Fegbli.ch',	'Xander',	'Fegbli',	NULL,	NULL,	NULL,	NULL,	NULL,	NULL,	2
0277	, 'K',	'1966-03-12',	'Vincent@Fuhrimann.ch',	'Vincent',	'Fuhrimann',	NULL,	NULL,	NULL,	NULL,	NULL,	NULL,	3
0278	, 'K',	'1955-01-13',	'Conny@Gashi.ch',	'Conny',	'Gashi',	NULL,	NULL,	NULL,	NULL,	NULL,	NULL,	4
0279	, 'K',	'1958-08-19',	'Gerald@Gauderon.ch',	'Gerald',	'Gauderon',	NULL,	NULL,	NULL,	NULL,	NULL,	NULL,	5
0280	, 'K',	'1958-10-08',	'Johanna@Genazzi.ch',	'Johanna',	'Genazzi',	NULL,	NULL,	NULL,	NULL,	NULL,	NULL,	1
0281	, 'K',	'1967-06-06',	'Konstanze@Gygax.ch',	'Konstanze',	'Gygax',	NULL,	NULL,	NULL,	NULL,	NULL,	NULL,	2
0282	, 'K',	'1960-10-05',	'Hanna@Hurter.ch',	'Hanna',	'Hurter',	NULL,	NULL,	NULL,	NULL,	NULL,	NULL,	3
0283	, 'K',	'1945-02-13',	'Tristan@Hämmerli.ch',	'Tristan',	'Hämmerli',	NULL,	NULL,	NULL,	NULL,	NULL,	NULL,	4
0284	, 'K',	'1966-06-25',	'Ernst@Kovacs.ch',	'Ernst',	'Kovacs',	NULL,	NULL,	NULL,	NULL,	NULL,	NULL,	5
0285	, 'K',	'1966-09-19',	'Arianne@Leibundgut.ch',	'Arianne',	'Leibundgut',	NULL,	NULL,	NULL,	NULL,	NULL,	NULL,	1
0286	, 'K',	'1949-05-08',	'Timothy@Rolli.ch',	'Timothy',	'Rolli',	NULL,	NULL,	NULL,	NULL,	NULL,	NULL,	2
0287	, 'K',	'1958-04-02',	'Jacob@Ryser.ch',	'Jacob',	'Ryser',	NULL,	NULL,	NULL,	NULL,	NULL,	NULL,	3
0288	, 'K',	'1956-01-30',	'Helene@Sahli.ch',	'Helene',	'Sahli',	NULL,	NULL,	NULL,	NULL,	NULL,	NULL,	4
0289	, 'K',	'1949-02-18',	'Moni@Sauvant.ch',	'Moni',	'Sauvant',	NULL,	NULL,	NULL,	NULL,	NULL,	NULL,	5
0290	, 'K',	'1965-10-18',	'Christoph@Schönberg.ch',	'Christoph',	'Schönberg',	NULL,	NULL,	NULL,	NULL,	NULL,	NULL,	1
0291	, 'K',	'1955-02-23',	'Heino@Somm.ch',	'Heino',	'Somm',	NULL,	NULL,	NULL,	NULL,	NULL,	NULL,	2
0292	, 'K',	'1948-04-19',	'Angelino@Tschanz.ch',	'Angelino',	'Tschanz',	NULL,	NULL,	NULL,	NULL,	NULL,	NULL,	3
0293	, 'K',	'1963-09-20',	'Kalle@Wanner.ch',	'Kalle',	'Wanner',	NULL,	NULL,	NULL,	NULL,	NULL,	NULL,	4
0294	, 'K',	'1946-04-23',	'Kristiane@Bichsel.ch',	'Kristiane',	'Bichsel',	NULL,	NULL,	NULL,	NULL,	NULL,	NULL,	5
0295	, 'K',	'1964-04-09',	'Yannis@Hasler.ch',	'Yannis',	'Hasler',	NULL,	NULL,	NULL,	NULL,	NULL,	NULL,	1
0296	, 'K',	'1949-03-17',	'Vanessa@Brand.ch',	'Vanessa',	'Brand',	NULL,	NULL,	NULL,	NULL,	NULL,	NULL,	2
0297	, 'K',	'1954-08-28',	'Iris@Bürkli.ch',	'Iris',	'Bürkli',	NULL,	NULL,	NULL,	NULL,	NULL,	NULL,	3
0298	, 'K',	'1944-01-06',	'Roberta@Duse.ch',	'Roberta',	'Duse',	NULL,	NULL,	NULL,	NULL,	NULL,	NULL,	4
0299	, 'K',	'1966-04-27',	'Errol@Felber.ch',	'Errol',	'Felber',	NULL,	NULL,	NULL,	NULL,	NULL,	NULL,	5
0300	, 'K',	'1958-08-05',	'Jean-Claude@Grunder.ch',	'Jean-Claude',	'Grunder',	NULL,	NULL,	NULL,	NULL,	NULL,	NULL,	1
0301	, 'K',	'1952-10-08',	'Alexandra@Günther.ch',	'Alexandra',	'Günther',	NULL,	NULL,	NULL,	NULL,	NULL,	NULL,	2
0302	, 'K',	'1949-09-17',	'Raphaela@Häberli.ch',	'Raphaela',	'Häberli',	NULL,	NULL,	NULL,	NULL,	NULL,	NULL,	3
0303	, 'K',	'1955-06-06',	'Chiara@Maurer.ch',	'Chiara',	'Maurer',	NULL,	NULL,	NULL,	NULL,	NULL,	NULL,	4
0304	, 'K',	'1961-06-09',	'Heino@Mugier.ch',	'Heino',	'Mugier',	NULL,	NULL,	NULL,	NULL,	NULL,	NULL,	5
0305	, 'K',	'1949-05-19',	'Minnie@Spreafico.ch',	'Minnie',	'Spreafico',	NULL,	NULL,	NULL,	NULL,	NULL,	NULL,	1
0306	, 'K',	'1960-05-31',	'Heinrich@Bonsma.ch',	'Heinrich',	'Bonsma',	NULL,	NULL,	NULL,	NULL,	NULL,	NULL,	2
0307	, 'K',	'1959-01-31',	'Michaela@Brüggemann.ch',	'Michaela',	'Brüggemann',	NULL,	NULL,	NULL,	NULL,	NULL,	NULL,	3
0308	, 'K',	'1944-07-10',	'Maurice@Favre.ch',	'Maurice',	'Favre',	NULL,	NULL,	NULL,	NULL,	NULL,	NULL,	4
0309	, 'K',	'1960-03-08',	'Mathieu@Friedrich.ch',	'Mathieu',	'Friedrich',	NULL,	NULL,	NULL,	NULL,	NULL,	NULL,	5
0310	, 'K',	'1957-05-04',	'Ron@Frommenwiler.ch',	'Ron',	'Frommenwiler',	NULL,	NULL,	NULL,	NULL,	NULL,	NULL,	1
0311	, 'K',	'1959-03-03',	'Samantha@Gaensslen.ch',	'Samantha',	'Gaensslen',	NULL,	NULL,	NULL,	NULL,	NULL,	NULL,	2
0312	, 'K',	'1963-11-01',	'Felina@Gantenbein.ch',	'Felina',	'Gantenbein',	NULL,	NULL,	NULL,	NULL,	NULL,	NULL,	3
0313	, 'K',	'1966-10-26',	'Noa@Grünig.ch',	'Noa',	'Grünig',	NULL,	NULL,	NULL,	NULL,	NULL,	NULL,	4
0314	, 'K',	'1951-12-12',	'Cornelia@Iseli.ch',	'Cornelia',	'Iseli',	NULL,	NULL,	NULL,	NULL,	NULL,	NULL,	5
0315	, 'K',	'1949-09-11',	'Paulina@Jackowski.ch',	'Paulina',	'Jackowski',	NULL,	NULL,	NULL,	NULL,	NULL,	NULL,	1
0316	, 'K',	'1956-11-03',	'June@Kernen.ch',	'June',	'Kernen',	NULL,	NULL,	NULL,	NULL,	NULL,	NULL,	2
0317	, 'K',	'1957-12-20',	'Eckart@Leu.ch',	'Eckart',	'Leu',	NULL,	NULL,	NULL,	NULL,	NULL,	NULL,	3
0318	, 'K',	'1960-05-01',	'Joachim@Mariani.ch',	'Joachim',	'Mariani',	NULL,	NULL,	NULL,	NULL,	NULL,	NULL,	4
0319	, 'K',	'1949-01-23',	'Denise@Nünlist.ch',	'Denise',	'Nünlist',	NULL,	NULL,	NULL,	NULL,	NULL,	NULL,	5
0320	, 'K',	'1953-06-08',	'Kezia@Pescio.ch',	'Kezia',	'Pescio',	NULL,	NULL,	NULL,	NULL,	NULL,	NULL,	1
0321	, 'K',	'1943-11-24',	'Juana@Rasch.ch',	'Juana',	'Rasch',	NULL,	NULL,	NULL,	NULL,	NULL,	NULL,	2
0322	, 'K',	'1958-09-21',	'Nelli@Schuler.ch',	'Nelli',	'Schuler',	NULL,	NULL,	NULL,	NULL,	NULL,	NULL,	3
0323	, 'K',	'1953-12-18',	'Frauke@Thomann.ch',	'Frauke',	'Thomann',	NULL,	NULL,	NULL,	NULL,	NULL,	NULL,	4
0324	, 'K',	'1947-07-21',	'Tiziano@Thormann.ch',	'Tiziano',	'Thormann',	NULL,	NULL,	NULL,	NULL,	NULL,	NULL,	5
0325	, 'K',	'1944-02-29',	'Milina@Aebersold.ch',	'Milina',	'Aebersold',	NULL,	NULL,	NULL,	NULL,	NULL,	NULL,	1
0326	, 'K',	'1954-02-15',	'Kira@Aeschbacher.ch',	'Kira',	'Aeschbacher',	NULL,	NULL,	NULL,	NULL,	NULL,	NULL,	2
0327	, 'K',	'1968-01-01',	'Lothar@Frnka.ch',	'Lothar',	'Frnka',	NULL,	NULL,	NULL,	NULL,	NULL,	NULL,	3
0328	, 'K',	'1963-05-27',	'Luigi@Froidevaux.ch',	'Luigi',	'Froidevaux',	NULL,	NULL,	NULL,	NULL,	NULL,	NULL,	4
0329	, 'K',	'1962-12-19',	'Selina@Gjokaj.ch',	'Selina',	'Gjokaj',	NULL,	NULL,	NULL,	NULL,	NULL,	NULL,	5
0330	, 'K',	'1964-07-11',	'Luka@Andres.ch',	'Luka',	'Andres',	NULL,	NULL,	NULL,	NULL,	NULL,	NULL,	1
0331	, 'K',	'1946-04-15',	'Corinna@Baiges.ch',	'Corinna',	'Baiges',	NULL,	NULL,	NULL,	NULL,	NULL,	NULL,	2
0332	, 'K',	'1956-05-14',	'Luigi@Fabbrocile.ch',	'Luigi',	'Fabbrocile',	NULL,	NULL,	NULL,	NULL,	NULL,	NULL,	3
0333	, 'K',	'1963-11-22',	'Adam@Fassbind.ch',	'Adam',	'Fassbind',	NULL,	NULL,	NULL,	NULL,	NULL,	NULL,	4
0334	, 'K',	'1943-12-11',	'Sebastian@Fontallez.ch',	'Sebastian',	'Fontallez',	NULL,	NULL,	NULL,	NULL,	NULL,	NULL,	5
0335	, 'K',	'1965-04-27',	'Pablo@Fraitag.ch',	'Pablo',	'Fraitag',	NULL,	NULL,	NULL,	NULL,	NULL,	NULL,	1
0336	, 'K',	'1944-10-01',	'Leyla@Gantner.ch',	'Leyla',	'Gantner',	NULL,	NULL,	NULL,	NULL,	NULL,	NULL,	2
0337	, 'K',	'1961-07-28',	'Kyrill@Grädel.ch',	'Kyrill',	'Grädel',	NULL,	NULL,	NULL,	NULL,	NULL,	NULL,	3
0338	, 'K',	'1965-09-13',	'Viktorina@Gschwind.ch',	'Viktorina',	'Gschwind',	NULL,	NULL,	NULL,	NULL,	NULL,	NULL,	4
0339	, 'K',	'1967-04-07',	'Robin@Haueter.ch',	'Robin',	'Haueter',	NULL,	NULL,	NULL,	NULL,	NULL,	NULL,	5
0340	, 'K',	'1962-12-14',	'Pamela@Kohler.ch',	'Pamela',	'Kohler',	NULL,	NULL,	NULL,	NULL,	NULL,	NULL,	1
0341	, 'K',	'1965-04-06',	'Viktor@Müller.ch',	'Viktor',	'Müller',	NULL,	NULL,	NULL,	NULL,	NULL,	NULL,	2
0342	, 'K',	'1955-07-02',	'Olivia@Ramseier.ch',	'Olivia',	'Ramseier',	NULL,	NULL,	NULL,	NULL,	NULL,	NULL,	3
0343	, 'K',	'1962-10-04',	'Vitalis@Ramseier.ch',	'Vitalis',	'Ramseier',	NULL,	NULL,	NULL,	NULL,	NULL,	NULL,	4
0344	, 'K',	'1945-10-26',	'Gabriel@Rentsch.ch',	'Gabriel',	'Rentsch',	NULL,	NULL,	NULL,	NULL,	NULL,	NULL,	5
0345	, 'K',	'1955-10-24',	'Andrea@Sollberger.ch',	'Andrea',	'Sollberger',	NULL,	NULL,	NULL,	NULL,	NULL,	NULL,	1
0346	, 'K',	'1967-08-23',	'Felix@Zoppi.ch',	'Felix',	'Zoppi',	NULL,	NULL,	NULL,	NULL,	NULL,	NULL,	2
0347	, 'K',	'1959-12-11',	'Tobi@Andrist.ch',	'Tobi',	'Andrist',	NULL,	NULL,	NULL,	NULL,	NULL,	NULL,	3
0348	, 'K',	'1965-01-10',	'Maxime@Arnaboldi.ch',	'Maxime',	'Arnaboldi',	NULL,	NULL,	NULL,	NULL,	NULL,	NULL,	4
0349	, 'K',	'1958-04-01',	'Urs@Brechbühl.ch',	'Urs',	'Brechbühl',	NULL,	NULL,	NULL,	NULL,	NULL,	NULL,	5
0350	, 'K',	'1947-06-29',	'Veit@Bretscher.ch',	'Veit',	'Bretscher',	NULL,	NULL,	NULL,	NULL,	NULL,	NULL,	1
0351	, 'K',	'1953-10-24',	'Ernst@Schaad.ch',	'Ernst',	'Schaad',	NULL,	NULL,	NULL,	NULL,	NULL,	NULL,	2
0352	, 'K',	'1964-07-18',	'Gregor@Walder.ch',	'Gregor',	'Walder',	NULL,	NULL,	NULL,	NULL,	NULL,	NULL,	3
0353	, 'K',	'1963-01-06',	'Romeo@Winkler.ch',	'Romeo',	'Winkler',	NULL,	NULL,	NULL,	NULL,	NULL,	NULL,	4
0354	, 'K',	'1966-10-30',	'Fernando@Fernandez.ch',	'Fernando',	'Fernandez',	NULL,	NULL,	NULL,	NULL,	NULL,	NULL,	5
0355	, 'K',	'1945-12-30',	'Alida@Fraitag.ch',	'Alida',	'Fraitag',	NULL,	NULL,	NULL,	NULL,	NULL,	NULL,	1
0356	, 'K',	'1947-10-31',	'Michelle@Geiser.ch',	'Michelle',	'Geiser',	NULL,	NULL,	NULL,	NULL,	NULL,	NULL,	2
0357	, 'K',	'1963-10-23',	'Laurenzia@Jüngling.ch',	'Laurenzia',	'Jüngling',	NULL,	NULL,	NULL,	NULL,	NULL,	NULL,	3
0358	, 'K',	'1963-08-11',	'Gerhard@Leuenberger.ch',	'Gerhard',	'Leuenberger',	NULL,	NULL,	NULL,	NULL,	NULL,	NULL,	4
0359	, 'K',	'1947-05-31',	'Celina@Plüss.ch',	'Celina',	'Plüss',	NULL,	NULL,	NULL,	NULL,	NULL,	NULL,	5
0360	, 'K',	'1953-06-18',	'Roman@Scheidegger.ch',	'Roman',	'Scheidegger',	NULL,	NULL,	NULL,	NULL,	NULL,	NULL,	1
0361	, 'K',	'1968-03-03',	'Ulf@Stäuble.ch',	'Ulf',	'Stäuble',	NULL,	NULL,	NULL,	NULL,	NULL,	NULL,	2
0362	, 'K',	'1957-06-05',	'Udella@Beer.ch',	'Udella',	'Beer',	NULL,	NULL,	NULL,	NULL,	NULL,	NULL,	3
0363	, 'K',	'1944-02-27',	'Eileen@Brunner.ch',	'Eileen',	'Brunner',	NULL,	NULL,	NULL,	NULL,	NULL,	NULL,	4
0364	, 'K',	'1950-05-03',	'Claudia@Eng.ch',	'Claudia',	'Eng',	NULL,	NULL,	NULL,	NULL,	NULL,	NULL,	5
0365	, 'K',	'1944-09-21',	'Alice@Franjic.ch',	'Alice',	'Franjic',	NULL,	NULL,	NULL,	NULL,	NULL,	NULL,	1
0366	, 'K',	'1954-08-14',	'Xena@Geiser.ch',	'Xena',	'Geiser',	NULL,	NULL,	NULL,	NULL,	NULL,	NULL,	2
0367	, 'K',	'1949-11-27',	'Elke@Gentile.ch',	'Elke',	'Gentile',	NULL,	NULL,	NULL,	NULL,	NULL,	NULL,	3
0368	, 'K',	'1957-04-20',	'Darlene@Gerteis.ch',	'Darlene',	'Gerteis',	NULL,	NULL,	NULL,	NULL,	NULL,	NULL,	4
0369	, 'K',	'1957-11-28',	'Pauline@Gygax.ch',	'Pauline',	'Gygax',	NULL,	NULL,	NULL,	NULL,	NULL,	NULL,	5
0370	, 'K',	'1946-12-14',	'Selina@Hostettler.ch',	'Selina',	'Hostettler',	NULL,	NULL,	NULL,	NULL,	NULL,	NULL,	1
0371	, 'K',	'1965-05-29',	'Alexia@Kupper.ch',	'Alexia',	'Kupper',	NULL,	NULL,	NULL,	NULL,	NULL,	NULL,	2
0372	, 'K',	'1958-11-02',	'Kathleen@Liechti.ch',	'Kathleen',	'Liechti',	NULL,	NULL,	NULL,	NULL,	NULL,	NULL,	3
0373	, 'K',	'1953-02-03',	'Leila@Marchesi.ch',	'Leila',	'Marchesi',	NULL,	NULL,	NULL,	NULL,	NULL,	NULL,	4
0374	, 'K',	'1947-08-03',	'Fridolin@Mischler.ch',	'Fridolin',	'Mischler',	NULL,	NULL,	NULL,	NULL,	NULL,	NULL,	5
0375	, 'K',	'1954-05-17',	'Cindy@Steinger.ch',	'Cindy',	'Steinger',	NULL,	NULL,	NULL,	NULL,	NULL,	NULL,	1
0376	, 'K',	'1959-10-22',	'Helen@Wepfer.ch',	'Helen',	'Wepfer',	NULL,	NULL,	NULL,	NULL,	NULL,	NULL,	2
0377	, 'K',	'1950-01-26',	'Elli@Weyermann.ch',	'Elli',	'Weyermann',	NULL,	NULL,	NULL,	NULL,	NULL,	NULL,	3
0378	, 'K',	'1962-06-05',	'Erich@Weyermann.ch',	'Erich',	'Weyermann',	NULL,	NULL,	NULL,	NULL,	NULL,	NULL,	4
0379	, 'K',	'1960-11-05',	'Marilyn@Zimmermann.ch',	'Marilyn',	'Zimmermann',	NULL,	NULL,	NULL,	NULL,	NULL,	NULL,	5
0380	, 'K',	'1953-06-03',	'Florence@du.ch',	'Florence',	'du',	NULL,	NULL,	NULL,	NULL,	NULL,	NULL,	1
0381	, 'K',	'1967-05-07',	'Jacob@Andres.ch',	'Jacob',	'Andres',	NULL,	NULL,	NULL,	NULL,	NULL,	NULL,	2
0382	, 'K',	'1964-09-30',	'Timo@Bucher.ch',	'Timo',	'Bucher',	NULL,	NULL,	NULL,	NULL,	NULL,	NULL,	3
0383	, 'K',	'1954-01-28',	'Tarek@Flury.ch',	'Tarek',	'Flury',	NULL,	NULL,	NULL,	NULL,	NULL,	NULL,	4
0384	, 'K',	'1953-06-11',	'Ivan@Furter.ch',	'Ivan',	'Furter',	NULL,	NULL,	NULL,	NULL,	NULL,	NULL,	5
0385	, 'K',	'1961-12-06',	'Bernd@Gerteis.ch',	'Bernd',	'Gerteis',	NULL,	NULL,	NULL,	NULL,	NULL,	NULL,	1
0386	, 'K',	'1951-06-23',	'Carl@Haueter.ch',	'Carl',	'Haueter',	NULL,	NULL,	NULL,	NULL,	NULL,	NULL,	2
0387	, 'K',	'1951-11-14',	'Nicolas@Huber.ch',	'Nicolas',	'Huber',	NULL,	NULL,	NULL,	NULL,	NULL,	NULL,	3
0388	, 'K',	'1958-09-15',	'Mario@Kammerer.ch',	'Mario',	'Kammerer',	NULL,	NULL,	NULL,	NULL,	NULL,	NULL,	4
0389	, 'K',	'1954-11-13',	'Zacharias@Käser.ch',	'Zacharias',	'Käser',	NULL,	NULL,	NULL,	NULL,	NULL,	NULL,	5
0390	, 'K',	'1945-01-14',	'Zarah@Plumettaz.ch',	'Zarah',	'Plumettaz',	NULL,	NULL,	NULL,	NULL,	NULL,	NULL,	1
0391	, 'K',	'1967-03-17',	'Fernando@Portmann.ch',	'Fernando',	'Portmann',	NULL,	NULL,	NULL,	NULL,	NULL,	NULL,	2
0392	, 'K',	'1950-08-23',	'Paul@Schmid.ch',	'Paul',	'Schmid',	NULL,	NULL,	NULL,	NULL,	NULL,	NULL,	3
0393	, 'K',	'1951-12-10',	'Rolf@Staub.ch',	'Rolf',	'Staub',	NULL,	NULL,	NULL,	NULL,	NULL,	NULL,	4
0394	, 'K',	'1956-08-30',	'Fernando@Strub.ch',	'Fernando',	'Strub',	NULL,	NULL,	NULL,	NULL,	NULL,	NULL,	5
0395	, 'K',	'1958-01-31',	'Gian-Marco@Zimmermann.ch',	'Gian-Marco',	'Zimmermann',	NULL,	NULL,	NULL,	NULL,	NULL,	NULL,	1
0396	, 'K',	'1955-04-22',	'Ev@Baiges.ch',	'Ev',	'Baiges',	NULL,	NULL,	NULL,	NULL,	NULL,	NULL,	2
0397	, 'K',	'1945-08-31',	'Frederic@Binkert.ch',	'Frederic',	'Binkert',	NULL,	NULL,	NULL,	NULL,	NULL,	NULL,	3
0398	, 'K',	'1964-06-04',	'Ulrich@Bucko.ch',	'Ulrich',	'Bucko',	NULL,	NULL,	NULL,	NULL,	NULL,	NULL,	4
0399	, 'K',	'1950-09-12',	'Renate@Ferrari.ch',	'Renate',	'Ferrari',	NULL,	NULL,	NULL,	NULL,	NULL,	NULL,	5
0400	, 'K',	'1945-08-06',	'CurtDagobert@Fuchs.ch',	'CurtDagobert',	'Fuchs',	NULL,	NULL,	NULL,	NULL,	NULL,	NULL,	1
0401	, 'K',	'1963-10-30',	'Toni@Galli.ch',	'Toni',	'Galli',	NULL,	NULL,	NULL,	NULL,	NULL,	NULL,	2
0402	, 'K',	'1949-09-12',	'Ilona@Gemetti.ch',	'Ilona',	'Gemetti',	NULL,	NULL,	NULL,	NULL,	NULL,	NULL,	3
0403	, 'K',	'1962-11-25',	'Toni@Georgieva.ch',	'Toni',	'Georgieva',	NULL,	NULL,	NULL,	NULL,	NULL,	NULL,	4
0404	, 'K',	'1944-07-20',	'Diether@Hans.ch',	'Diether',	'Hans',	NULL,	NULL,	NULL,	NULL,	NULL,	NULL,	5
0405	, 'K',	'1958-06-02',	'Jasmina@Roth.ch',	'Jasmina',	'Roth',	NULL,	NULL,	NULL,	NULL,	NULL,	NULL,	1
0406	, 'K',	'1952-11-16',	'Marie@Schlatter.ch',	'Marie',	'Schlatter',	NULL,	NULL,	NULL,	NULL,	NULL,	NULL,	2
0407	, 'K',	'1954-12-14',	'Phoebe@Schürch.ch',	'Phoebe',	'Schürch',	NULL,	NULL,	NULL,	NULL,	NULL,	NULL,	3
0408	, 'K',	'1967-03-03',	'Eric@Sollberger.ch',	'Eric',	'Sollberger',	NULL,	NULL,	NULL,	NULL,	NULL,	NULL,	4
0409	, 'K',	'1949-12-04',	'Karim@Steiner.ch',	'Karim',	'Steiner',	NULL,	NULL,	NULL,	NULL,	NULL,	NULL,	5
0410	, 'K',	'1963-01-08',	'Carol@Enzen.ch',	'Carol',	'Enzen',	NULL,	NULL,	NULL,	NULL,	NULL,	NULL,	1
0411	, 'K',	'1953-10-19',	'Felix@Fricker.ch',	'Felix',	'Fricker',	NULL,	NULL,	NULL,	NULL,	NULL,	NULL,	2
0412	, 'K',	'1959-12-17',	'Svea@Gmür.ch',	'Svea',	'Gmür',	NULL,	NULL,	NULL,	NULL,	NULL,	NULL,	3
0413	, 'K',	'1960-09-02',	'Antonia@Hegi.ch',	'Antonia',	'Hegi',	NULL,	NULL,	NULL,	NULL,	NULL,	NULL,	4
0414	, 'K',	'1955-02-04',	'Marc@Brönnimann.ch',	'Marc',	'Brönnimann',	NULL,	NULL,	NULL,	NULL,	NULL,	NULL,	5
0415	, 'K',	'1943-12-17',	'Emanuela@Bögli.ch',	'Emanuela',	'Bögli',	NULL,	NULL,	NULL,	NULL,	NULL,	NULL,	1
0416	, 'K',	'1968-05-22',	'Jim@Dällenbach.ch',	'Jim',	'Dällenbach',	NULL,	NULL,	NULL,	NULL,	NULL,	NULL,	2
0417	, 'K',	'1961-10-03',	'Leonard@Elmer.ch',	'Leonard',	'Elmer',	NULL,	NULL,	NULL,	NULL,	NULL,	NULL,	3
0418	, 'K',	'1954-10-26',	'Nick@Fassbind.ch',	'Nick',	'Fassbind',	NULL,	NULL,	NULL,	NULL,	NULL,	NULL,	4
0419	, 'K',	'1964-05-03',	'Siggi@Feusi.ch',	'Siggi',	'Feusi',	NULL,	NULL,	NULL,	NULL,	NULL,	NULL,	5
0420	, 'K',	'1961-06-04',	'Karsten@Friedli.ch',	'Karsten',	'Friedli',	NULL,	NULL,	NULL,	NULL,	NULL,	NULL,	1
0421	, 'K',	'1964-12-31',	'Leopold@Gampp.ch',	'Leopold',	'Gampp',	NULL,	NULL,	NULL,	NULL,	NULL,	NULL,	2
0422	, 'K',	'1959-02-18',	'Gerald@Hauert.ch',	'Gerald',	'Hauert',	NULL,	NULL,	NULL,	NULL,	NULL,	NULL,	3
0423	, 'K',	'1951-10-14',	'Dave@Heimgartner.ch',	'Dave',	'Heimgartner',	NULL,	NULL,	NULL,	NULL,	NULL,	NULL,	4
0424	, 'K',	'1960-12-15',	'Reinhard@Hess.ch',	'Reinhard',	'Hess',	NULL,	NULL,	NULL,	NULL,	NULL,	NULL,	5
0425	, 'K',	'1968-06-10',	'Richard@Kühne.ch',	'Richard',	'Kühne',	NULL,	NULL,	NULL,	NULL,	NULL,	NULL,	1
0426	, 'K',	'1958-12-18',	'George@Vogel.ch',	'George',	'Vogel',	NULL,	NULL,	NULL,	NULL,	NULL,	NULL,	2
0427	, 'K',	'1948-12-31',	'Henrika@Eng.ch',	'Henrika',	'Eng',	NULL,	NULL,	NULL,	NULL,	NULL,	NULL,	3
0428	, 'K',	'1958-11-05',	'Gabrielle@Erni.ch',	'Gabrielle',	'Erni',	NULL,	NULL,	NULL,	NULL,	NULL,	NULL,	4
0429	, 'K',	'1966-11-01',	'Natalie@Fraitag.ch',	'Natalie',	'Fraitag',	NULL,	NULL,	NULL,	NULL,	NULL,	NULL,	5
0430	, 'K',	'1955-08-18',	'Samira@Gallo.ch',	'Samira',	'Gallo',	NULL,	NULL,	NULL,	NULL,	NULL,	NULL,	1
0431	, 'K',	'1960-06-17',	'Lizzy@Iseli.ch',	'Lizzy',	'Iseli',	NULL,	NULL,	NULL,	NULL,	NULL,	NULL,	2
0432	, 'K',	'1955-06-08',	'Adriane@Janosa.ch',	'Adriane',	'Janosa',	NULL,	NULL,	NULL,	NULL,	NULL,	NULL,	3
0433	, 'K',	'1944-11-13',	'Denis@Muster.ch',	'Denis',	'Muster',	NULL,	NULL,	NULL,	NULL,	NULL,	NULL,	4
0434	, 'K',	'1966-03-12',	'Theresia@Palladino.ch',	'Theresia',	'Palladino',	NULL,	NULL,	NULL,	NULL,	NULL,	NULL,	5
0435	, 'K',	'1965-04-02',	'Manuela@Portner.ch',	'Manuela',	'Portner',	NULL,	NULL,	NULL,	NULL,	NULL,	NULL,	1
0436	, 'K',	'1958-09-07',	'Per@Renggli.ch',	'Per',	'Renggli',	NULL,	NULL,	NULL,	NULL,	NULL,	NULL,	2
0437	, 'K',	'1946-02-16',	'Laureen@Rindlisbacher.ch',	'Laureen',	'Rindlisbacher',	NULL,	NULL,	NULL,	NULL,	NULL,	NULL,	3
0438	, 'K',	'1966-09-16',	'Marlene@Röthlisberger.ch',	'Marlene',	'Röthlisberger',	NULL,	NULL,	NULL,	NULL,	NULL,	NULL,	4
0439	, 'K',	'1950-03-19',	'Alexander@Zeiter.ch',	'Alexander',	'Zeiter',	NULL,	NULL,	NULL,	NULL,	NULL,	NULL,	5
0440	, 'K',	'1946-11-05',	'Verona@Brügger.ch',	'Verona',	'Brügger',	NULL,	NULL,	NULL,	NULL,	NULL,	NULL,	1
0441	, 'K',	'1951-02-11',	'Selina@Geissbühler.ch',	'Selina',	'Geissbühler',	NULL,	NULL,	NULL,	NULL,	NULL,	NULL,	2
0442	, 'K',	'1948-11-25',	'Zacharias@Gubran.ch',	'Zacharias',	'Gubran',	NULL,	NULL,	NULL,	NULL,	NULL,	NULL,	3
0443	, 'K',	'1959-05-05',	'Daniela@Kobel.ch',	'Daniela',	'Kobel',	NULL,	NULL,	NULL,	NULL,	NULL,	NULL,	4
0444	, 'K',	'1945-07-18',	'Zaida@Lüdi.ch',	'Zaida',	'Lüdi',	NULL,	NULL,	NULL,	NULL,	NULL,	NULL,	5
0445	, 'K',	'1964-09-17',	'Madlen@Nanzer.ch',	'Madlen',	'Nanzer',	NULL,	NULL,	NULL,	NULL,	NULL,	NULL,	1
0446	, 'K',	'1954-06-01',	'Doris@Ricchiuto.ch',	'Doris',	'Ricchiuto',	NULL,	NULL,	NULL,	NULL,	NULL,	NULL,	2
0447	, 'K',	'1966-09-30',	'Abraham@Stettler.ch',	'Abraham',	'Stettler',	NULL,	NULL,	NULL,	NULL,	NULL,	NULL,	3
0448	, 'K',	'1953-05-20',	'Katharina@Wüest.ch',	'Katharina',	'Wüest',	NULL,	NULL,	NULL,	NULL,	NULL,	NULL,	4
0449	, 'K',	'1951-02-21',	'Pamela@Bader.ch',	'Pamela',	'Bader',	NULL,	NULL,	NULL,	NULL,	NULL,	NULL,	5
0450	, 'K',	'1966-06-01',	'Ela@Beer.ch',	'Ela',	'Beer',	NULL,	NULL,	NULL,	NULL,	NULL,	NULL,	1
0451	, 'K',	'1962-05-10',	'Ruben@Bühler.ch',	'Ruben',	'Bühler',	NULL,	NULL,	NULL,	NULL,	NULL,	NULL,	2
0452	, 'K',	'1946-11-17',	'Riana@Bürkli.ch',	'Riana',	'Bürkli',	NULL,	NULL,	NULL,	NULL,	NULL,	NULL,	3
0453	, 'K',	'1961-12-11',	'Stephanie@Favre.ch',	'Stephanie',	'Favre',	NULL,	NULL,	NULL,	NULL,	NULL,	NULL,	4
0454	, 'K',	'1947-06-20',	'Otto@Fitze.ch',	'Otto',	'Fitze',	NULL,	NULL,	NULL,	NULL,	NULL,	NULL,	5
0455	, 'K',	'1958-05-21',	'Jacky@Franz.ch',	'Jacky',	'Franz',	NULL,	NULL,	NULL,	NULL,	NULL,	NULL,	1
0456	, 'K',	'1946-07-31',	'Xenia@Freivogel.ch',	'Xenia',	'Freivogel',	NULL,	NULL,	NULL,	NULL,	NULL,	NULL,	2
0457	, 'K',	'1965-11-15',	'Patrizia@Furtado.ch',	'Patrizia',	'Furtado',	NULL,	NULL,	NULL,	NULL,	NULL,	NULL,	3
0458	, 'K',	'1955-06-08',	'Jeannette@Galambos.ch',	'Jeannette',	'Galambos',	NULL,	NULL,	NULL,	NULL,	NULL,	NULL,	4
0459	, 'K',	'1963-12-18',	'Laureen@Held.ch',	'Laureen',	'Held',	NULL,	NULL,	NULL,	NULL,	NULL,	NULL,	5
0460	, 'K',	'1950-07-30',	'Jennifer@Jäger.ch',	'Jennifer',	'Jäger',	NULL,	NULL,	NULL,	NULL,	NULL,	NULL,	1
0461	, 'K',	'1958-06-16',	'Constanze@Kälin.ch',	'Constanze',	'Kälin',	NULL,	NULL,	NULL,	NULL,	NULL,	NULL,	2
0462	, 'K',	'1960-10-03',	'Josefin@Leu.ch',	'Josefin',	'Leu',	NULL,	NULL,	NULL,	NULL,	NULL,	NULL,	3
0463	, 'K',	'1953-12-29',	'Denise@Monnier.ch',	'Denise',	'Monnier',	NULL,	NULL,	NULL,	NULL,	NULL,	NULL,	4
0464	, 'K',	'1964-11-05',	'Stephanie@Mosser.ch',	'Stephanie',	'Mosser',	NULL,	NULL,	NULL,	NULL,	NULL,	NULL,	5
0465	, 'K',	'1961-04-02',	'Christa@Nell.ch',	'Christa',	'Nell',	NULL,	NULL,	NULL,	NULL,	NULL,	NULL,	1
0466	, 'K',	'1966-10-12',	'Kathrina@Neugebauer.ch',	'Kathrina',	'Neugebauer',	NULL,	NULL,	NULL,	NULL,	NULL,	NULL,	2
0467	, 'K',	'1958-08-22',	'Eleanor@Rasch.ch',	'Eleanor',	'Rasch',	NULL,	NULL,	NULL,	NULL,	NULL,	NULL,	3
0468	, 'K',	'1967-07-12',	'Ilse@Arn.ch',	'Ilse',	'Arn',	NULL,	NULL,	NULL,	NULL,	NULL,	NULL,	4
0469	, 'K',	'1957-03-19',	'Ruben@Boschung.ch',	'Ruben',	'Boschung',	NULL,	NULL,	NULL,	NULL,	NULL,	NULL,	5
0470	, 'K',	'1952-08-11',	'Andor@Freivogel.ch',	'Andor',	'Freivogel',	NULL,	NULL,	NULL,	NULL,	NULL,	NULL,	1
0471	, 'K',	'1958-01-11',	'Yannis@Gaggioli.ch',	'Yannis',	'Gaggioli',	NULL,	NULL,	NULL,	NULL,	NULL,	NULL,	2
0472	, 'K',	'1951-08-12',	'Fernando@Gehring.ch',	'Fernando',	'Gehring',	NULL,	NULL,	NULL,	NULL,	NULL,	NULL,	3
0473	, 'K',	'1955-03-24',	'Dieter@Hardmeier.ch',	'Dieter',	'Hardmeier',	NULL,	NULL,	NULL,	NULL,	NULL,	NULL,	4
0474	, 'K',	'1965-06-17',	'Tarek@Liechti.ch',	'Tarek',	'Liechti',	NULL,	NULL,	NULL,	NULL,	NULL,	NULL,	5
0475	, 'K',	'1967-05-01',	'Noah@Rais.ch',	'Noah',	'Rais',	NULL,	NULL,	NULL,	NULL,	NULL,	NULL,	1
0476	, 'K',	'1962-12-02',	'Conrad@Sollersten.ch',	'Conrad',	'Sollersten',	NULL,	NULL,	NULL,	NULL,	NULL,	NULL,	2
0477	, 'K',	'1955-10-24',	'Kay@Steiner.ch',	'Kay',	'Steiner',	NULL,	NULL,	NULL,	NULL,	NULL,	NULL,	3
0478	, 'K',	'1963-01-16',	'Markus@Streit.ch',	'Markus',	'Streit',	NULL,	NULL,	NULL,	NULL,	NULL,	NULL,	4
0479	, 'K',	'1963-08-12',	'Giovanni@Ulrich.ch',	'Giovanni',	'Ulrich',	NULL,	NULL,	NULL,	NULL,	NULL,	NULL,	5
0480	, 'K',	'1965-10-14',	'Edmund@Winiger.ch',	'Edmund',	'Winiger',	NULL,	NULL,	NULL,	NULL,	NULL,	NULL,	1
0481	, 'K',	'1957-06-26',	'Vitalis@Wyler.ch',	'Vitalis',	'Wyler',	NULL,	NULL,	NULL,	NULL,	NULL,	NULL,	2
0482	, 'K',	'1949-05-01',	'Kristiane@Zoppi.ch',	'Kristiane',	'Zoppi',	NULL,	NULL,	NULL,	NULL,	NULL,	NULL,	3
0483	, 'K',	'1967-09-13',	'Harri@Fricker.ch',	'Harri',	'Fricker',	NULL,	NULL,	NULL,	NULL,	NULL,	NULL,	4
0484	, 'K',	'1954-03-23',	'Dave@Gertsch.ch',	'Dave',	'Gertsch',	NULL,	NULL,	NULL,	NULL,	NULL,	NULL,	5
0485	, 'K',	'1948-04-27',	'Arianne@Schild.ch',	'Arianne',	'Schild',	NULL,	NULL,	NULL,	NULL,	NULL,	NULL,	1
0486	, 'K',	'1947-09-23',	'Nikolas@Zehnder.ch',	'Nikolas',	'Zehnder',	NULL,	NULL,	NULL,	NULL,	NULL,	NULL,	2
0487	, 'K',	'1956-08-30',	'Erik@Zimmermann.ch',	'Erik',	'Zimmermann',	NULL,	NULL,	NULL,	NULL,	NULL,	NULL,	3
0488	, 'K',	'1946-06-10',	'Iwan@Aebersold.ch',	'Iwan',	'Aebersold',	NULL,	NULL,	NULL,	NULL,	NULL,	NULL,	4
0489	, 'K',	'1962-12-16',	'Elias@Aeschlimann.ch',	'Elias',	'Aeschlimann',	NULL,	NULL,	NULL,	NULL,	NULL,	NULL,	5
0490	, 'K',	'1953-02-18',	'Lukas@Enz.ch',	'Lukas',	'Enz',	NULL,	NULL,	NULL,	NULL,	NULL,	NULL,	1
0491	, 'K',	'1949-05-29',	'Siegfried@Etter.ch',	'Siegfried',	'Etter',	NULL,	NULL,	NULL,	NULL,	NULL,	NULL,	2
0492	, 'K',	'1967-04-07',	'Caeser@Favre.ch',	'Caeser',	'Favre',	NULL,	NULL,	NULL,	NULL,	NULL,	NULL,	3
0493	, 'K',	'1955-04-13',	'Hans-Jörg@Fournier.ch',	'Hans-Jörg',	'Fournier',	NULL,	NULL,	NULL,	NULL,	NULL,	NULL,	4
0494	, 'K',	'1954-12-25',	'Klara@Gammeter.ch',	'Klara',	'Gammeter',	NULL,	NULL,	NULL,	NULL,	NULL,	NULL,	5
0495	, 'K',	'1962-09-14',	'Klemens@Ganguillet.ch',	'Klemens',	'Ganguillet',	NULL,	NULL,	NULL,	NULL,	NULL,	NULL,	1
0496	, 'K',	'1946-08-02',	'David@Gloor.ch',	'David',	'Gloor',	NULL,	NULL,	NULL,	NULL,	NULL,	NULL,	2
0497	, 'K',	'1951-07-12',	'Nadia@Gloor.ch',	'Nadia',	'Gloor',	NULL,	NULL,	NULL,	NULL,	NULL,	NULL,	3
0498	, 'K',	'1956-12-23',	'Eckart@Helbling.ch',	'Eckart',	'Helbling',	NULL,	NULL,	NULL,	NULL,	NULL,	NULL,	4
0499	, 'K',	'1956-02-09',	'Bob@Held.ch',	'Bob',	'Held',	NULL,	NULL,	NULL,	NULL,	NULL,	NULL,	5
0500	, 'K',	'1955-03-15',	'Winfried@Humm.ch',	'Winfried',	'Humm',	NULL,	NULL,	NULL,	NULL,	NULL,	NULL,	1
0501	, 'K',	'1951-12-25',	'Cornelius@Jahn.ch',	'Cornelius',	'Jahn',	NULL,	NULL,	NULL,	NULL,	NULL,	NULL,	2
0502	, 'K',	'1965-11-05',	'Simona@Palecek.ch',	'Simona',	'Palecek',	NULL,	NULL,	NULL,	NULL,	NULL,	NULL,	3
0503	, 'K',	'1965-07-13',	'Volkmar@Pinna.ch',	'Volkmar',	'Pinna',	NULL,	NULL,	NULL,	NULL,	NULL,	NULL,	4
0504	, 'K',	'1966-02-20',	'Jesse@Schori.ch',	'Jesse',	'Schori',	NULL,	NULL,	NULL,	NULL,	NULL,	NULL,	5
0505	, 'K',	'1949-02-06',	'Leonard@Schuler.ch',	'Leonard',	'Schuler',	NULL,	NULL,	NULL,	NULL,	NULL,	NULL,	1
0506	, 'K',	'1956-10-18',	'Tizian@Zehr.ch',	'Tizian',	'Zehr',	NULL,	NULL,	NULL,	NULL,	NULL,	NULL,	2
0507	, 'K',	'1965-02-25',	'Tommy@Aeby.ch',	'Tommy',	'Aeby',	NULL,	NULL,	NULL,	NULL,	NULL,	NULL,	3
0508	, 'K',	'1956-05-12',	'Walter@Allenbach.ch',	'Walter',	'Allenbach',	NULL,	NULL,	NULL,	NULL,	NULL,	NULL,	4
0509	, 'K',	'1959-09-10',	'Erich@Beer.ch',	'Erich',	'Beer',	NULL,	NULL,	NULL,	NULL,	NULL,	NULL,	5
0510	, 'K',	'1961-06-12',	'Stefanie@Berner.ch',	'Stefanie',	'Berner',	NULL,	NULL,	NULL,	NULL,	NULL,	NULL,	1
0511	, 'K',	'1950-05-13',	'Hans@Frischknecht.ch',	'Hans',	'Frischknecht',	NULL,	NULL,	NULL,	NULL,	NULL,	NULL,	2
0512	, 'K',	'1947-11-21',	'Zina@Gehrig.ch',	'Zina',	'Gehrig',	NULL,	NULL,	NULL,	NULL,	NULL,	NULL,	3
0513	, 'K',	'1944-04-15',	'Konstantin@Giacari.ch',	'Konstantin',	'Giacari',	NULL,	NULL,	NULL,	NULL,	NULL,	NULL,	4
0514	, 'K',	'1964-05-27',	'Oswald@Godio.ch',	'Oswald',	'Godio',	NULL,	NULL,	NULL,	NULL,	NULL,	NULL,	5
0515	, 'K',	'1966-07-05',	'Frederic@Haas.ch',	'Frederic',	'Haas',	NULL,	NULL,	NULL,	NULL,	NULL,	NULL,	1
0516	, 'K',	'1961-10-09',	'Wolter@Hermenjat.ch',	'Wolter',	'Hermenjat',	NULL,	NULL,	NULL,	NULL,	NULL,	NULL,	2
0517	, 'K',	'1948-02-19',	'Claus@Imfeld.ch',	'Claus',	'Imfeld',	NULL,	NULL,	NULL,	NULL,	NULL,	NULL,	3
0518	, 'K',	'1962-04-28',	'Andre@Jäggi.ch',	'Andre',	'Jäggi',	NULL,	NULL,	NULL,	NULL,	NULL,	NULL,	4
0519	, 'K',	'1963-10-21',	'Raphael@Küffer.ch',	'Raphael',	'Küffer',	NULL,	NULL,	NULL,	NULL,	NULL,	NULL,	5
0520	, 'K',	'1956-05-31',	'Caeser@Leist.ch',	'Caeser',	'Leist',	NULL,	NULL,	NULL,	NULL,	NULL,	NULL,	1
0521	, 'K',	'1961-07-29',	'Hermann@Nyffenegger.ch',	'Hermann',	'Nyffenegger',	NULL,	NULL,	NULL,	NULL,	NULL,	NULL,	2
0522	, 'K',	'1953-10-08',	'Yves@Palladino.ch',	'Yves',	'Palladino',	NULL,	NULL,	NULL,	NULL,	NULL,	NULL,	3
0523	, 'K',	'1951-09-30',	'Yves@Renggli.ch',	'Yves',	'Renggli',	NULL,	NULL,	NULL,	NULL,	NULL,	NULL,	4
0524	, 'K',	'1951-08-31',	'Valerius@Zehnder.ch',	'Valerius',	'Zehnder',	NULL,	NULL,	NULL,	NULL,	NULL,	NULL,	5
0525	, 'K',	'1945-08-15',	'Wolfgang@Aebischer.ch',	'Wolfgang',	'Aebischer',	NULL,	NULL,	NULL,	NULL,	NULL,	NULL,	1
0526	, 'K',	'1955-03-20',	'Hubertus@Aeby.ch',	'Hubertus',	'Aeby',	NULL,	NULL,	NULL,	NULL,	NULL,	NULL,	2
0527	, 'K',	'1965-06-28',	'Miriam@Burgermeister.ch',	'Miriam',	'Burgermeister',	NULL,	NULL,	NULL,	NULL,	NULL,	NULL,	3
0528	, 'K',	'1961-11-03',	'Phoebe@Burkhalter.ch',	'Phoebe',	'Burkhalter',	NULL,	NULL,	NULL,	NULL,	NULL,	NULL,	4
0529	, 'K',	'1948-03-10',	'Erna@Ekinci.ch',	'Erna',	'Ekinci',	NULL,	NULL,	NULL,	NULL,	NULL,	NULL,	5
0530	, 'K',	'1952-05-06',	'Konstantin@Ellenberger.ch',	'Konstantin',	'Ellenberger',	NULL,	NULL,	NULL,	NULL,	NULL,	NULL,	1
0531	, 'K',	'1965-08-10',	'Clementine@Eschler.ch',	'Clementine',	'Eschler',	NULL,	NULL,	NULL,	NULL,	NULL,	NULL,	2
0532	, 'K',	'1951-12-16',	'Conny@Fournier.ch',	'Conny',	'Fournier',	NULL,	NULL,	NULL,	NULL,	NULL,	NULL,	3
0533	, 'K',	'1949-10-20',	'Axel@Gilgen.ch',	'Axel',	'Gilgen',	NULL,	NULL,	NULL,	NULL,	NULL,	NULL,	4
0534	, 'K',	'1963-09-19',	'Fiona@Guldmann.ch',	'Fiona',	'Guldmann',	NULL,	NULL,	NULL,	NULL,	NULL,	NULL,	5
0535	, 'K',	'1954-06-25',	'Dave@Hegi.ch',	'Dave',	'Hegi',	NULL,	NULL,	NULL,	NULL,	NULL,	NULL,	1
0536	, 'K',	'1960-08-07',	'Mareike@Jäger.ch',	'Mareike',	'Jäger',	NULL,	NULL,	NULL,	NULL,	NULL,	NULL,	2
0537	, 'K',	'1960-10-14',	'Henning@Jörg.ch',	'Henning',	'Jörg',	NULL,	NULL,	NULL,	NULL,	NULL,	NULL,	3
0538	, 'K',	'1952-11-09',	'Doreen@Kernen.ch',	'Doreen',	'Kernen',	NULL,	NULL,	NULL,	NULL,	NULL,	NULL,	4
0539	, 'K',	'1961-03-23',	'Viola@Matter.ch',	'Viola',	'Matter',	NULL,	NULL,	NULL,	NULL,	NULL,	NULL,	5
0540	, 'K',	'1952-08-12',	'Verena@Mühlethaler.ch',	'Verena',	'Mühlethaler',	NULL,	NULL,	NULL,	NULL,	NULL,	NULL,	1
0541	, 'K',	'1948-10-08',	'Jan@Nyffeler.ch',	'Jan',	'Nyffeler',	NULL,	NULL,	NULL,	NULL,	NULL,	NULL,	2
0542	, 'K',	'1945-08-30',	'Olivia@Ruch.ch',	'Olivia',	'Ruch',	NULL,	NULL,	NULL,	NULL,	NULL,	NULL,	3
0543	, 'K',	'1964-07-12',	'Annette@Schaad.ch',	'Annette',	'Schaad',	NULL,	NULL,	NULL,	NULL,	NULL,	NULL,	4
0544	, 'K',	'1953-11-04',	'Olga@Schwitz.ch',	'Olga',	'Schwitz',	NULL,	NULL,	NULL,	NULL,	NULL,	NULL,	5
0545	, 'K',	'1950-04-10',	'Zena@Tobler.ch',	'Zena',	'Tobler',	NULL,	NULL,	NULL,	NULL,	NULL,	NULL,	1
0546	, 'K',	'1952-11-14',	'Helmut@Walther.ch',	'Helmut',	'Walther',	NULL,	NULL,	NULL,	NULL,	NULL,	NULL,	2
0547	, 'K',	'1950-12-27',	'Lucy@Bebie.ch',	'Lucy',	'Bebie',	NULL,	NULL,	NULL,	NULL,	NULL,	NULL,	3
0548	, 'K',	'1955-05-12',	'Christin@Brazerol.ch',	'Christin',	'Brazerol',	NULL,	NULL,	NULL,	NULL,	NULL,	NULL,	4
0549	, 'K',	'1950-11-01',	'Josina@Brönnimann.ch',	'Josina',	'Brönnimann',	NULL,	NULL,	NULL,	NULL,	NULL,	NULL,	5
0550	, 'K',	'1947-10-30',	'Manjana@Fuchs.ch',	'Manjana',	'Fuchs',	NULL,	NULL,	NULL,	NULL,	NULL,	NULL,	1
0551	, 'K',	'1963-08-22',	'Nicoline@Füeg.ch',	'Nicoline',	'Füeg',	NULL,	NULL,	NULL,	NULL,	NULL,	NULL,	2
0552	, 'K',	'1950-02-06',	'Kerstin@Geissberger.ch',	'Kerstin',	'Geissberger',	NULL,	NULL,	NULL,	NULL,	NULL,	NULL,	3
0553	, 'K',	'1965-10-08',	'Cecilie@Giesser.ch',	'Cecilie',	'Giesser',	NULL,	NULL,	NULL,	NULL,	NULL,	NULL,	4
0554	, 'K',	'1962-01-10',	'Noa@Gonzalves.ch',	'Noa',	'Gonzalves',	NULL,	NULL,	NULL,	NULL,	NULL,	NULL,	5
0555	, 'K',	'1955-10-30',	'Debora@Hosmann.ch',	'Debora',	'Hosmann',	NULL,	NULL,	NULL,	NULL,	NULL,	NULL,	1
0556	, 'K',	'1951-12-24',	'Karsten@Kaatz.ch',	'Karsten',	'Kaatz',	NULL,	NULL,	NULL,	NULL,	NULL,	NULL,	2
0557	, 'K',	'1964-11-19',	'Zina@Leu.ch',	'Zina',	'Leu',	NULL,	NULL,	NULL,	NULL,	NULL,	NULL,	3
0558	, 'K',	'1953-05-05',	'Ramona@Neumann.ch',	'Ramona',	'Neumann',	NULL,	NULL,	NULL,	NULL,	NULL,	NULL,	4
0559	, 'K',	'1956-07-03',	'Nicole@Somm.ch',	'Nicole',	'Somm',	NULL,	NULL,	NULL,	NULL,	NULL,	NULL,	5
0560	, 'K',	'1950-06-03',	'Marc@Wyler.ch',	'Marc',	'Wyler',	NULL,	NULL,	NULL,	NULL,	NULL,	NULL,	1
0561	, 'K',	'1951-08-10',	'Maja@Wüthrich.ch',	'Maja',	'Wüthrich',	NULL,	NULL,	NULL,	NULL,	NULL,	NULL,	2
0562	, 'K',	'1960-06-25',	'Ralf@Zahnd.ch',	'Ralf',	'Zahnd',	NULL,	NULL,	NULL,	NULL,	NULL,	NULL,	3
0563	, 'K',	'1947-10-15',	'Mareike@Zumbühl.ch',	'Mareike',	'Zumbühl',	NULL,	NULL,	NULL,	NULL,	NULL,	NULL,	4
0564	, 'K',	'1955-05-20',	'Leandro@Baeriswyl.ch',	'Leandro',	'Baeriswyl',	NULL,	NULL,	NULL,	NULL,	NULL,	NULL,	5
0565	, 'K',	'1967-10-08',	'Roberto@Biedermann.ch',	'Roberto',	'Biedermann',	NULL,	NULL,	NULL,	NULL,	NULL,	NULL,	1
0566	, 'K',	'1964-09-05',	'Theodor@Brüggemann.ch',	'Theodor',	'Brüggemann',	NULL,	NULL,	NULL,	NULL,	NULL,	NULL,	2
0567	, 'K',	'1946-10-28',	'Yan@Bucher.ch',	'Yan',	'Bucher',	NULL,	NULL,	NULL,	NULL,	NULL,	NULL,	3
0568	, 'K',	'1957-01-22',	'Niklas@Favarger.ch',	'Niklas',	'Favarger',	NULL,	NULL,	NULL,	NULL,	NULL,	NULL,	4
0569	, 'K',	'1968-01-13',	'Birgit@Grassi.ch',	'Birgit',	'Grassi',	NULL,	NULL,	NULL,	NULL,	NULL,	NULL,	5
0570	, 'K',	'1959-12-28',	'Sven@Günther.ch',	'Sven',	'Günther',	NULL,	NULL,	NULL,	NULL,	NULL,	NULL,	1
0571	, 'K',	'1967-03-26',	'Margret@Kovacs.ch',	'Margret',	'Kovacs',	NULL,	NULL,	NULL,	NULL,	NULL,	NULL,	2
0572	, 'K',	'1967-10-07',	'Nils@Lux.ch',	'Nils',	'Lux',	NULL,	NULL,	NULL,	NULL,	NULL,	NULL,	3
0573	, 'K',	'1943-11-24',	'Igor@Plüss.ch',	'Igor',	'Plüss',	NULL,	NULL,	NULL,	NULL,	NULL,	NULL,	4
0574	, 'K',	'1946-09-30',	'Laurent@Terranova.ch',	'Laurent',	'Terranova',	NULL,	NULL,	NULL,	NULL,	NULL,	NULL,	5
0575	, 'K',	'1946-06-09',	'Nico@Zahnd.ch',	'Nico',	'Zahnd',	NULL,	NULL,	NULL,	NULL,	NULL,	NULL,	1
0576	, 'K',	'1956-05-30',	'Ditmar@Baiges.ch',	'Ditmar',	'Baiges',	NULL,	NULL,	NULL,	NULL,	NULL,	NULL,	2
0577	, 'K',	'1955-05-23',	'Cornelio@Emch.ch',	'Cornelio',	'Emch',	NULL,	NULL,	NULL,	NULL,	NULL,	NULL,	3
0578	, 'K',	'1955-08-01',	'Gitta@Favarger.ch',	'Gitta',	'Favarger',	NULL,	NULL,	NULL,	NULL,	NULL,	NULL,	4
0579	, 'K',	'1961-03-05',	'Ronny@Flisch.ch',	'Ronny',	'Flisch',	NULL,	NULL,	NULL,	NULL,	NULL,	NULL,	5
0580	, 'K',	'1963-07-28',	'Bert@Flury.ch',	'Bert',	'Flury',	NULL,	NULL,	NULL,	NULL,	NULL,	NULL,	1
0581	, 'K',	'1963-01-17',	'Nora@Fournier.ch',	'Nora',	'Fournier',	NULL,	NULL,	NULL,	NULL,	NULL,	NULL,	2
0582	, 'K',	'1964-11-11',	'Helmut@Gantenbein.ch',	'Helmut',	'Gantenbein',	NULL,	NULL,	NULL,	NULL,	NULL,	NULL,	3
0583	, 'K',	'1957-01-26',	'Anne-Kathrin@Gjokaj.ch',	'Anne-Kathrin',	'Gjokaj',	NULL,	NULL,	NULL,	NULL,	NULL,	NULL,	4
0584	, 'K',	'1947-05-15',	'Yasin@Grossrieder.ch',	'Yasin',	'Grossrieder',	NULL,	NULL,	NULL,	NULL,	NULL,	NULL,	5
0585	, 'K',	'1949-03-04',	'Ferdinand@Kappeler.ch',	'Ferdinand',	'Kappeler',	NULL,	NULL,	NULL,	NULL,	NULL,	NULL,	1
0586	, 'K',	'1953-01-01',	'Sylvester@Rolli.ch',	'Sylvester',	'Rolli',	NULL,	NULL,	NULL,	NULL,	NULL,	NULL,	2
0587	, 'K',	'1944-09-06',	'Janka@Sieber.ch',	'Janka',	'Sieber',	NULL,	NULL,	NULL,	NULL,	NULL,	NULL,	3
0588	, 'K',	'1954-02-02',	'Michel@Vogel.ch',	'Michel',	'Vogel',	NULL,	NULL,	NULL,	NULL,	NULL,	NULL,	4
0589	, 'K',	'1956-01-27',	'Adrienne@Vögeli.ch',	'Adrienne',	'Vögeli',	NULL,	NULL,	NULL,	NULL,	NULL,	NULL,	5
0590	, 'K',	'1962-02-16',	'Madlen@Walpen.ch',	'Madlen',	'Walpen',	NULL,	NULL,	NULL,	NULL,	NULL,	NULL,	1
0591	, 'K',	'1948-10-01',	'Kathrin@Fondo.ch',	'Kathrin',	'Fondo',	NULL,	NULL,	NULL,	NULL,	NULL,	NULL,	2
0592	, 'K',	'1944-02-26',	'Klarissa@Hug.ch',	'Klarissa',	'Hug',	NULL,	NULL,	NULL,	NULL,	NULL,	NULL,	3
0593	, 'K',	'1961-04-27',	'Klemens@Kubr.ch',	'Klemens',	'Kubr',	NULL,	NULL,	NULL,	NULL,	NULL,	NULL,	4
0594	, 'K',	'1962-02-05',	'Bernhardt@Trautmann.ch',	'Bernhardt',	'Trautmann',	NULL,	NULL,	NULL,	NULL,	NULL,	NULL,	5
0595	, 'K',	'1950-09-24',	'Amadeus@Magun.ch',	'Amadeus',	'Magun',	NULL,	NULL,	NULL,	NULL,	NULL,	NULL,	1
0596	, 'K',	'1948-05-28',	'Bernadette@Maurer.ch',	'Bernadette',	'Maurer',	NULL,	NULL,	NULL,	NULL,	NULL,	NULL,	2
0597	, 'K',	'1951-11-24',	'Zena@Dubach.ch',	'Zena',	'Dubach',	NULL,	NULL,	NULL,	NULL,	NULL,	NULL,	3
0598	, 'K',	'1958-09-17',	'Yves@Felber.ch',	'Yves',	'Felber',	NULL,	NULL,	NULL,	NULL,	NULL,	NULL,	4
0599	, 'K',	'1967-09-14',	'Bernhard@Flumene.ch',	'Bernhard',	'Flumene',	NULL,	NULL,	NULL,	NULL,	NULL,	NULL,	5
0600	, 'K',	'1960-05-01',	'Conrad@Frank.ch',	'Conrad',	'Frank',	NULL,	NULL,	NULL,	NULL,	NULL,	NULL,	1
0601	, 'K',	'1952-06-09',	'Tobi@Garcia.ch',	'Tobi',	'Garcia',	NULL,	NULL,	NULL,	NULL,	NULL,	NULL,	2
0602	, 'K',	'1949-03-05',	'Ruben@Gaytan.ch',	'Ruben',	'Gaytan',	NULL,	NULL,	NULL,	NULL,	NULL,	NULL,	3
0603	, 'K',	'1965-06-02',	'Reinhard@Gjokaj.ch',	'Reinhard',	'Gjokaj',	NULL,	NULL,	NULL,	NULL,	NULL,	NULL,	4
0604	, 'K',	'1961-06-03',	'Mathew@Gredig.ch',	'Mathew',	'Gredig',	NULL,	NULL,	NULL,	NULL,	NULL,	NULL,	5
0605	, 'K',	'1964-05-08',	'Hubertus@Grever.ch',	'Hubertus',	'Grever',	NULL,	NULL,	NULL,	NULL,	NULL,	NULL,	1
0606	, 'K',	'1950-07-18',	'Xander@Grimaldi.ch',	'Xander',	'Grimaldi',	NULL,	NULL,	NULL,	NULL,	NULL,	NULL,	2
0607	, 'K',	'1953-11-01',	'Magnus@Gurtner.ch',	'Magnus',	'Gurtner',	NULL,	NULL,	NULL,	NULL,	NULL,	NULL,	3
0608	, 'K',	'1953-10-08',	'Luke@Imbach.ch',	'Luke',	'Imbach',	NULL,	NULL,	NULL,	NULL,	NULL,	NULL,	4
0609	, 'K',	'1968-05-31',	'Hardy@Jüngling.ch',	'Hardy',	'Jüngling',	NULL,	NULL,	NULL,	NULL,	NULL,	NULL,	5
0610	, 'K',	'1965-01-30',	'Silvius@Kernen.ch',	'Silvius',	'Kernen',	NULL,	NULL,	NULL,	NULL,	NULL,	NULL,	1
0611	, 'K',	'1967-11-09',	'Ignaz@Kramer.ch',	'Ignaz',	'Kramer',	NULL,	NULL,	NULL,	NULL,	NULL,	NULL,	2
0612	, 'K',	'1949-09-01',	'Burkhard@Nyffenegger.ch',	'Burkhard',	'Nyffenegger',	NULL,	NULL,	NULL,	NULL,	NULL,	NULL,	3
0613	, 'K',	'1967-03-23',	'Richard@Pinna.ch',	'Richard',	'Pinna',	NULL,	NULL,	NULL,	NULL,	NULL,	NULL,	4
0614	, 'K',	'1955-07-19',	'Gwenda@Schmid.ch',	'Gwenda',	'Schmid',	NULL,	NULL,	NULL,	NULL,	NULL,	NULL,	5
0615	, 'K',	'1967-10-23',	'Tobi@Schneider.ch',	'Tobi',	'Schneider',	NULL,	NULL,	NULL,	NULL,	NULL,	NULL,	1
0616	, 'K',	'1957-01-21',	'Ricky@Trachsel.ch',	'Ricky',	'Trachsel',	NULL,	NULL,	NULL,	NULL,	NULL,	NULL,	2
0617	, 'K',	'1956-10-19',	'Harald@Zehr.ch',	'Harald',	'Zehr',	NULL,	NULL,	NULL,	NULL,	NULL,	NULL,	3
0618	, 'K',	'1953-02-11',	'Rosi@Andreani.ch',	'Rosi',	'Andreani',	NULL,	NULL,	NULL,	NULL,	NULL,	NULL,	4
0619	, 'K',	'1960-05-09',	'Christiane@Andrist.ch',	'Christiane',	'Andrist',	NULL,	NULL,	NULL,	NULL,	NULL,	NULL,	5
0620	, 'K',	'1957-01-12',	'Isabella@Arn.ch',	'Isabella',	'Arn',	NULL,	NULL,	NULL,	NULL,	NULL,	NULL,	1
0621	, 'K',	'1957-03-17',	'Eugenia@Baumberger.ch',	'Eugenia',	'Baumberger',	NULL,	NULL,	NULL,	NULL,	NULL,	NULL,	2
0622	, 'K',	'1951-12-05',	'Jamie-Lee@Bucko.ch',	'Jamie-Lee',	'Bucko',	NULL,	NULL,	NULL,	NULL,	NULL,	NULL,	3
0623	, 'K',	'1959-06-11',	'Zina@Eichenberger.ch',	'Zina',	'Eichenberger',	NULL,	NULL,	NULL,	NULL,	NULL,	NULL,	4
0624	, 'K',	'1962-10-29',	'Helga@Fauchez.ch',	'Helga',	'Fauchez',	NULL,	NULL,	NULL,	NULL,	NULL,	NULL,	5
0625	, 'K',	'1946-12-18',	'Louise@Felber.ch',	'Louise',	'Felber',	NULL,	NULL,	NULL,	NULL,	NULL,	NULL,	1
0626	, 'K',	'1948-03-23',	'Mona@Felder.ch',	'Mona',	'Felder',	NULL,	NULL,	NULL,	NULL,	NULL,	NULL,	2
0627	, 'K',	'1946-09-03',	'Christiane@Frigeri.ch',	'Christiane',	'Frigeri',	NULL,	NULL,	NULL,	NULL,	NULL,	NULL,	3
0628	, 'K',	'1965-04-04',	'Renate@Frigeri.ch',	'Renate',	'Frigeri',	NULL,	NULL,	NULL,	NULL,	NULL,	NULL,	4
0629	, 'K',	'1946-03-23',	'Korinna@Geser.ch',	'Korinna',	'Geser',	NULL,	NULL,	NULL,	NULL,	NULL,	NULL,	5
0630	, 'K',	'1956-03-24',	'Benedikt@Herbst.ch',	'Benedikt',	'Herbst',	NULL,	NULL,	NULL,	NULL,	NULL,	NULL,	1
0631	, 'K',	'1966-02-06',	'Simona@Hunziker.ch',	'Simona',	'Hunziker',	NULL,	NULL,	NULL,	NULL,	NULL,	NULL,	2
0632	, 'K',	'1958-07-19',	'Katharina@Hönger.ch',	'Katharina',	'Hönger',	NULL,	NULL,	NULL,	NULL,	NULL,	NULL,	3
0633	, 'K',	'1959-12-06',	'Zoe@Hüsser.ch',	'Zoe',	'Hüsser',	NULL,	NULL,	NULL,	NULL,	NULL,	NULL,	4
0634	, 'K',	'1967-11-20',	'Karina@Jendly.ch',	'Karina',	'Jendly',	NULL,	NULL,	NULL,	NULL,	NULL,	NULL,	5
0635	, 'K',	'1955-05-19',	'Inge@Jonsen.ch',	'Inge',	'Jonsen',	NULL,	NULL,	NULL,	NULL,	NULL,	NULL,	1
0636	, 'K',	'1952-09-20',	'Olga@Juri.ch',	'Olga',	'Juri',	NULL,	NULL,	NULL,	NULL,	NULL,	NULL,	2
0637	, 'K',	'1947-03-06',	'Ulla@Kappeler.ch',	'Ulla',	'Kappeler',	NULL,	NULL,	NULL,	NULL,	NULL,	NULL,	3
0638	, 'K',	'1963-02-01',	'Owe@Lang.ch',	'Owe',	'Lang',	NULL,	NULL,	NULL,	NULL,	NULL,	NULL,	4
0639	, 'K',	'1944-01-14',	'Bernd@Petris.ch',	'Bernd',	'Petris',	NULL,	NULL,	NULL,	NULL,	NULL,	NULL,	5
0640	, 'K',	'1943-10-22',	'Clarissa@Ris.ch',	'Clarissa',	'Ris',	NULL,	NULL,	NULL,	NULL,	NULL,	NULL,	1
0641	, 'K',	'1955-12-06',	'Elvira@Staudenmann.ch',	'Elvira',	'Staudenmann',	NULL,	NULL,	NULL,	NULL,	NULL,	NULL,	2
0642	, 'K',	'1951-11-21',	'Willy@Stäuble.ch',	'Willy',	'Stäuble',	NULL,	NULL,	NULL,	NULL,	NULL,	NULL,	3
0643	, 'K',	'1946-09-15',	'Walther@Trautmann.ch',	'Walther',	'Trautmann',	NULL,	NULL,	NULL,	NULL,	NULL,	NULL,	4
0644	, 'K',	'1952-10-27',	'Alfred@Zurbriggen.ch',	'Alfred',	'Zurbriggen',	NULL,	NULL,	NULL,	NULL,	NULL,	NULL,	5
0645	, 'K',	'1955-06-19',	'Chantal@Zweifel.ch',	'Chantal',	'Zweifel',	NULL,	NULL,	NULL,	NULL,	NULL,	NULL,	1
0646	, 'K',	'1946-08-14',	'Enrico@Ferreiro.ch',	'Enrico',	'Ferreiro',	NULL,	NULL,	NULL,	NULL,	NULL,	NULL,	2
0647	, 'K',	'1961-06-04',	'Dominik@Finsterwald.ch',	'Dominik',	'Finsterwald',	NULL,	NULL,	NULL,	NULL,	NULL,	NULL,	3
0648	, 'K',	'1957-07-09',	'Urs@Fondo.ch',	'Urs',	'Fondo',	NULL,	NULL,	NULL,	NULL,	NULL,	NULL,	4
0649	, 'K',	'1959-02-05',	'Emil@Fontallez.ch',	'Emil',	'Fontallez',	NULL,	NULL,	NULL,	NULL,	NULL,	NULL,	5
0650	, 'K',	'1945-06-05',	'Alexander@Furtado.ch',	'Alexander',	'Furtado',	NULL,	NULL,	NULL,	NULL,	NULL,	NULL,	1
0651	, 'K',	'1957-06-08',	'Arnold@Fäh.ch',	'Arnold',	'Fäh',	NULL,	NULL,	NULL,	NULL,	NULL,	NULL,	2
0652	, 'K',	'1947-12-09',	'Norbert@Galfo.ch',	'Norbert',	'Galfo',	NULL,	NULL,	NULL,	NULL,	NULL,	NULL,	3
0653	, 'K',	'1953-05-18',	'York@Gehret.ch',	'York',	'Gehret',	NULL,	NULL,	NULL,	NULL,	NULL,	NULL,	4
0654	, 'K',	'1954-03-23',	'Ramon@Geissbühler.ch',	'Ramon',	'Geissbühler',	NULL,	NULL,	NULL,	NULL,	NULL,	NULL,	5
0655	, 'K',	'1968-05-31',	'Rudolf@Gnägi.ch',	'Rudolf',	'Gnägi',	NULL,	NULL,	NULL,	NULL,	NULL,	NULL,	1
0656	, 'K',	'1960-10-14',	'Ludwig@Grimaldi.ch',	'Ludwig',	'Grimaldi',	NULL,	NULL,	NULL,	NULL,	NULL,	NULL,	2
0657	, 'K',	'1953-01-10',	'Nicole@Gubran.ch',	'Nicole',	'Gubran',	NULL,	NULL,	NULL,	NULL,	NULL,	NULL,	3
0658	, 'K',	'1955-07-18',	'Axel@Guldmann.ch',	'Axel',	'Guldmann',	NULL,	NULL,	NULL,	NULL,	NULL,	NULL,	4
0659	, 'K',	'1960-03-05',	'Nico@Iseli.ch',	'Nico',	'Iseli',	NULL,	NULL,	NULL,	NULL,	NULL,	NULL,	5
0660	, 'K',	'1951-08-28',	'Michael@Ryser.ch',	'Michael',	'Ryser',	NULL,	NULL,	NULL,	NULL,	NULL,	NULL,	1
0661	, 'K',	'1954-02-16',	'Sebastian@Schertenleib.ch',	'Sebastian',	'Schertenleib',	NULL,	NULL,	NULL,	NULL,	NULL,	NULL,	2
0662	, 'K',	'1963-04-25',	'Holger@Schweizer.ch',	'Holger',	'Schweizer',	NULL,	NULL,	NULL,	NULL,	NULL,	NULL,	3
0663	, 'K',	'1951-02-02',	'Ruprecht@Weber.ch',	'Ruprecht',	'Weber',	NULL,	NULL,	NULL,	NULL,	NULL,	NULL,	4
0664	, 'K',	'1965-01-23',	'Valentino@Zurbriggen.ch',	'Valentino',	'Zurbriggen',	NULL,	NULL,	NULL,	NULL,	NULL,	NULL,	5
0665	, 'K',	'1947-06-27',	'Ricarda@Zweifel.ch',	'Ricarda',	'Zweifel',	NULL,	NULL,	NULL,	NULL,	NULL,	NULL,	1
0666	, 'K',	'1947-08-21',	'Immanuel@Anliker.ch',	'Immanuel',	'Anliker',	NULL,	NULL,	NULL,	NULL,	NULL,	NULL,	2
0667	, 'K',	'1955-10-08',	'Harry@Brüggemann.ch',	'Harry',	'Brüggemann',	NULL,	NULL,	NULL,	NULL,	NULL,	NULL,	3
0668	, 'K',	'1964-11-09',	'Emma@Caduff.ch',	'Emma',	'Caduff',	NULL,	NULL,	NULL,	NULL,	NULL,	NULL,	4
0669	, 'K',	'1967-05-16',	'Pablo@Daucher.ch',	'Pablo',	'Daucher',	NULL,	NULL,	NULL,	NULL,	NULL,	NULL,	5
0670	, 'K',	'1962-06-09',	'Yasmin@Dällenbach.ch',	'Yasmin',	'Dällenbach',	NULL,	NULL,	NULL,	NULL,	NULL,	NULL,	1
0671	, 'K',	'1968-05-27',	'Brunhilde@Egger.ch',	'Brunhilde',	'Egger',	NULL,	NULL,	NULL,	NULL,	NULL,	NULL,	2
0672	, 'K',	'1950-01-03',	'Arianne@Elmet.ch',	'Arianne',	'Elmet',	NULL,	NULL,	NULL,	NULL,	NULL,	NULL,	3
0673	, 'K',	'1954-12-10',	'Jacky@Galletti.ch',	'Jacky',	'Galletti',	NULL,	NULL,	NULL,	NULL,	NULL,	NULL,	4
0674	, 'K',	'1965-01-24',	'Max@Harker.ch',	'Max',	'Harker',	NULL,	NULL,	NULL,	NULL,	NULL,	NULL,	5
0675	, 'K',	'1948-09-30',	'Steffen@Jendly.ch',	'Steffen',	'Jendly',	NULL,	NULL,	NULL,	NULL,	NULL,	NULL,	1
0676	, 'K',	'1954-05-05',	'Dora@Kernen.ch',	'Dora',	'Kernen',	NULL,	NULL,	NULL,	NULL,	NULL,	NULL,	2
0677	, 'K',	'1960-06-30',	'Helene@Kobel.ch',	'Helene',	'Kobel',	NULL,	NULL,	NULL,	NULL,	NULL,	NULL,	3
0678	, 'K',	'1951-08-22',	'Heinz@Leu.ch',	'Heinz',	'Leu',	NULL,	NULL,	NULL,	NULL,	NULL,	NULL,	4
0679	, 'K',	'1949-06-28',	'Angelina@Massimi.ch',	'Angelina',	'Massimi',	NULL,	NULL,	NULL,	NULL,	NULL,	NULL,	5
0680	, 'K',	'1956-05-04',	'Janka@Meier.ch',	'Janka',	'Meier',	NULL,	NULL,	NULL,	NULL,	NULL,	NULL,	1
0681	, 'K',	'1948-07-26',	'Ev@Mischler.ch',	'Ev',	'Mischler',	NULL,	NULL,	NULL,	NULL,	NULL,	NULL,	2
0682	, 'K',	'1950-03-21',	'Patricia@Pini.ch',	'Patricia',	'Pini',	NULL,	NULL,	NULL,	NULL,	NULL,	NULL,	3
0683	, 'K',	'1952-06-16',	'Conny@Salzmann.ch',	'Conny',	'Salzmann',	NULL,	NULL,	NULL,	NULL,	NULL,	NULL,	4
0684	, 'K',	'1944-06-18',	'Ellen@Schori.ch',	'Ellen',	'Schori',	NULL,	NULL,	NULL,	NULL,	NULL,	NULL,	5
0685	, 'K',	'1956-11-25',	'Olive@Vögeli.ch',	'Olive',	'Vögeli',	NULL,	NULL,	NULL,	NULL,	NULL,	NULL,	1
0686	, 'K',	'1949-10-23',	'Laurent@Graber.ch',	'Laurent',	'Graber',	NULL,	NULL,	NULL,	NULL,	NULL,	NULL,	2
0687	, 'K',	'1947-04-20',	'Cathleen@Gspurning.ch',	'Cathleen',	'Gspurning',	NULL,	NULL,	NULL,	NULL,	NULL,	NULL,	3
0688	, 'K',	'1946-06-10',	'Henrike@John.ch',	'Henrike',	'John',	NULL,	NULL,	NULL,	NULL,	NULL,	NULL,	4
0689	, 'K',	'1954-05-22',	'Klemens@Nanzer.ch',	'Klemens',	'Nanzer',	NULL,	NULL,	NULL,	NULL,	NULL,	NULL,	5
0690	, 'K',	'1967-11-08',	'Marlene@Zumbühl.ch',	'Marlene',	'Zumbühl',	NULL,	NULL,	NULL,	NULL,	NULL,	NULL,	1
0691	, 'K',	'1949-12-01',	'Konstantin@Dijkstra.ch',	'Konstantin',	'Dijkstra',	NULL,	NULL,	NULL,	NULL,	NULL,	NULL,	2
0692	, 'K',	'1959-09-11',	'Markus@Scheuber.ch',	'Markus',	'Scheuber',	NULL,	NULL,	NULL,	NULL,	NULL,	NULL,	3
0693	, 'K',	'1949-07-11',	'Giuliano@Ambühl.ch',	'Giuliano',	'Ambühl',	NULL,	NULL,	NULL,	NULL,	NULL,	NULL,	4
0694	, 'K',	'1964-04-21',	'Anabel@Frutig.ch',	'Anabel',	'Frutig',	NULL,	NULL,	NULL,	NULL,	NULL,	NULL,	5
0695	, 'K',	'1956-04-20',	'Bettina@Held.ch',	'Bettina',	'Held',	NULL,	NULL,	NULL,	NULL,	NULL,	NULL,	1
0696	, 'K',	'1948-12-18',	'Wilhelm@König.ch',	'Wilhelm',	'König',	NULL,	NULL,	NULL,	NULL,	NULL,	NULL,	2
0697	, 'K',	'1960-02-18',	'Evi@Künzi.ch',	'Evi',	'Künzi',	NULL,	NULL,	NULL,	NULL,	NULL,	NULL,	3
0698	, 'K',	'1951-03-22',	'Jean-Luca@Zurbriggen.ch',	'Jean-Luca',	'Zurbriggen',	NULL,	NULL,	NULL,	NULL,	NULL,	NULL,	4
0699	, 'K',	'1963-10-17',	'Nadine@Espinho.ch',	'Nadine',	'Espinho',	NULL,	NULL,	NULL,	NULL,	NULL,	NULL,	5
0700	, 'K',	'1956-03-13',	'Mathilde@Binkert.ch',	'Mathilde',	'Binkert',	NULL,	NULL,	NULL,	NULL,	NULL,	NULL,	1
0701	, 'K',	'1950-04-17',	'Katja@Geissberger.ch',	'Katja',	'Geissberger',	NULL,	NULL,	NULL,	NULL,	NULL,	NULL,	2
0702	, 'K',	'1958-06-04',	'Silvio@Gemetti.ch',	'Silvio',	'Gemetti',	NULL,	NULL,	NULL,	NULL,	NULL,	NULL,	3
0703	, 'K',	'1950-06-07',	'Theresia@Godwin.ch',	'Theresia',	'Godwin',	NULL,	NULL,	NULL,	NULL,	NULL,	NULL,	4
0704	, 'K',	'1968-01-13',	'Mira@Heimgartner.ch',	'Mira',	'Heimgartner',	NULL,	NULL,	NULL,	NULL,	NULL,	NULL,	5
0705	, 'K',	'1956-02-12',	'Ilka@Jäggi.ch',	'Ilka',	'Jäggi',	NULL,	NULL,	NULL,	NULL,	NULL,	NULL,	1
0706	, 'K',	'1954-12-18',	'Kezia@Lux.ch',	'Kezia',	'Lux',	NULL,	NULL,	NULL,	NULL,	NULL,	NULL,	2
0707	, 'K',	'1956-12-06',	'Lissy@Nemetschek.ch',	'Lissy',	'Nemetschek',	NULL,	NULL,	NULL,	NULL,	NULL,	NULL,	3
0708	, 'K',	'1967-07-15',	'Isabella@Plumettaz.ch',	'Isabella',	'Plumettaz',	NULL,	NULL,	NULL,	NULL,	NULL,	NULL,	4
0709	, 'K',	'1945-04-25',	'Olivia@Soltermann.ch',	'Olivia',	'Soltermann',	NULL,	NULL,	NULL,	NULL,	NULL,	NULL,	5
0710	, 'K',	'1949-12-22',	'Hilma@Strub.ch',	'Hilma',	'Strub',	NULL,	NULL,	NULL,	NULL,	NULL,	NULL,	1
0711	, 'K',	'1952-12-04',	'Trixi@Alessio.ch',	'Trixi',	'Alessio',	NULL,	NULL,	NULL,	NULL,	NULL,	NULL,	2
0712	, 'K',	'1954-06-20',	'Alfred@Appert.ch',	'Alfred',	'Appert',	NULL,	NULL,	NULL,	NULL,	NULL,	NULL,	3
0713	, 'K',	'1954-08-13',	'Benjamin@Balz.ch',	'Benjamin',	'Balz',	NULL,	NULL,	NULL,	NULL,	NULL,	NULL,	4
0714	, 'K',	'1948-08-20',	'Toni@Berchtold.ch',	'Toni',	'Berchtold',	NULL,	NULL,	NULL,	NULL,	NULL,	NULL,	5
0715	, 'K',	'1956-04-15',	'Harald@Dietrich.ch',	'Harald',	'Dietrich',	NULL,	NULL,	NULL,	NULL,	NULL,	NULL,	1
0716	, 'K',	'1953-10-05',	'Jules@Fala.ch',	'Jules',	'Fala',	NULL,	NULL,	NULL,	NULL,	NULL,	NULL,	2
0717	, 'K',	'1954-11-03',	'Leonardo@Gampp.ch',	'Leonardo',	'Gampp',	NULL,	NULL,	NULL,	NULL,	NULL,	NULL,	3
0718	, 'K',	'1957-03-28',	'Sebastiano@Gampp.ch',	'Sebastiano',	'Gampp',	NULL,	NULL,	NULL,	NULL,	NULL,	NULL,	4
0719	, 'K',	'1958-08-02',	'Graziella@Ganz.ch',	'Graziella',	'Ganz',	NULL,	NULL,	NULL,	NULL,	NULL,	NULL,	5
0720	, 'K',	'1964-01-19',	'Astrid@Garcia.ch',	'Astrid',	'Garcia',	NULL,	NULL,	NULL,	NULL,	NULL,	NULL,	1
0721	, 'K',	'1949-12-12',	'Nicoline@Gaytan.ch',	'Nicoline',	'Gaytan',	NULL,	NULL,	NULL,	NULL,	NULL,	NULL,	2
0722	, 'K',	'1965-03-08',	'Kathi@Gsell.ch',	'Kathi',	'Gsell',	NULL,	NULL,	NULL,	NULL,	NULL,	NULL,	3
0723	, 'K',	'1962-10-02',	'Georg@Hegner.ch',	'Georg',	'Hegner',	NULL,	NULL,	NULL,	NULL,	NULL,	NULL,	4
0724	, 'K',	'1964-05-10',	'Conny@Hertig.ch',	'Conny',	'Hertig',	NULL,	NULL,	NULL,	NULL,	NULL,	NULL,	5
0725	, 'K',	'1967-10-22',	'Viktor@Hoz.ch',	'Viktor',	'Hoz',	NULL,	NULL,	NULL,	NULL,	NULL,	NULL,	1
0726	, 'K',	'1956-10-30',	'Thomas@Jäger.ch',	'Thomas',	'Jäger',	NULL,	NULL,	NULL,	NULL,	NULL,	NULL,	2
0727	, 'K',	'1955-02-28',	'Yasmine@Probst.ch',	'Yasmine',	'Probst',	NULL,	NULL,	NULL,	NULL,	NULL,	NULL,	3
0728	, 'K',	'1966-05-31',	'Justus@Rüegg.ch',	'Justus',	'Rüegg',	NULL,	NULL,	NULL,	NULL,	NULL,	NULL,	4
0729	, 'K',	'1947-06-15',	'Heidi@Somm.ch',	'Heidi',	'Somm',	NULL,	NULL,	NULL,	NULL,	NULL,	NULL,	5
0730	, 'K',	'1967-12-03',	'Klarissa@Thöni.ch',	'Klarissa',	'Thöni',	NULL,	NULL,	NULL,	NULL,	NULL,	NULL,	1
0731	, 'K',	'1956-03-19',	'Gaby@Vini.ch',	'Gaby',	'Vini',	NULL,	NULL,	NULL,	NULL,	NULL,	NULL,	2
0732	, 'K',	'1965-08-11',	'Tim@Wyler.ch',	'Tim',	'Wyler',	NULL,	NULL,	NULL,	NULL,	NULL,	NULL,	3
0733	, 'K',	'1957-01-29',	'Jannik@Bichsel.ch',	'Jannik',	'Bichsel',	NULL,	NULL,	NULL,	NULL,	NULL,	NULL,	4
0734	, 'K',	'1960-02-02',	'Bernd@Caduff.ch',	'Bernd',	'Caduff',	NULL,	NULL,	NULL,	NULL,	NULL,	NULL,	5
0735	, 'K',	'1957-03-15',	'Bernd@Dängeli.ch',	'Bernd',	'Dängeli',	NULL,	NULL,	NULL,	NULL,	NULL,	NULL,	1
0736	, 'K',	'1953-11-12',	'Gunter@Eidam.ch',	'Gunter',	'Eidam',	NULL,	NULL,	NULL,	NULL,	NULL,	NULL,	2
0737	, 'K',	'1964-07-30',	'Helmut@Gerencser.ch',	'Helmut',	'Gerencser',	NULL,	NULL,	NULL,	NULL,	NULL,	NULL,	3
0738	, 'K',	'1961-07-16',	'Mathew@Geser.ch',	'Mathew',	'Geser',	NULL,	NULL,	NULL,	NULL,	NULL,	NULL,	4
0739	, 'K',	'1949-10-17',	'Andreas@Grandinetti.ch',	'Andreas',	'Grandinetti',	NULL,	NULL,	NULL,	NULL,	NULL,	NULL,	5
0740	, 'K',	'1959-07-15',	'Bert@Hardmeier.ch',	'Bert',	'Hardmeier',	NULL,	NULL,	NULL,	NULL,	NULL,	NULL,	1
0741	, 'K',	'1951-11-04',	'Ali@Kuster.ch',	'Ali',	'Kuster',	NULL,	NULL,	NULL,	NULL,	NULL,	NULL,	2
0742	, 'K',	'1961-02-10',	'Janka@Maibach.ch',	'Janka',	'Maibach',	NULL,	NULL,	NULL,	NULL,	NULL,	NULL,	3
0743	, 'K',	'1947-01-05',	'Derrik@Schertenleib.ch',	'Derrik',	'Schertenleib',	NULL,	NULL,	NULL,	NULL,	NULL,	NULL,	4
0744	, 'K',	'1955-01-26',	'Ulf@Scheuber.ch',	'Ulf',	'Scheuber',	NULL,	NULL,	NULL,	NULL,	NULL,	NULL,	5
0745	, 'K',	'1957-08-31',	'Jacky@Steinger.ch',	'Jacky',	'Steinger',	NULL,	NULL,	NULL,	NULL,	NULL,	NULL,	1
0746	, 'K',	'1956-07-04',	'Ralph@Streit.ch',	'Ralph',	'Streit',	NULL,	NULL,	NULL,	NULL,	NULL,	NULL,	2
0747	, 'K',	'1950-09-07',	'Jean-Pierre@Wertenschlag.ch',	'Jean-Pierre',	'Wertenschlag',	NULL,	NULL,	NULL,	NULL,	NULL,	NULL,	3
0748	, 'K',	'1949-01-18',	'Timo@Wüest.ch',	'Timo',	'Wüest',	NULL,	NULL,	NULL,	NULL,	NULL,	NULL,	4
0749	, 'K',	'1953-10-26',	'Jean-Claude@Beetschen.ch',	'Jean-Claude',	'Beetschen',	NULL,	NULL,	NULL,	NULL,	NULL,	NULL,	5
0750	, 'K',	'1965-07-18',	'Kristina@Bonsma.ch',	'Kristina',	'Bonsma',	NULL,	NULL,	NULL,	NULL,	NULL,	NULL,	1
0751	, 'K',	'1949-06-28',	'Viktorin@Brönnimann.ch',	'Viktorin',	'Brönnimann',	NULL,	NULL,	NULL,	NULL,	NULL,	NULL,	2
0752	, 'K',	'1962-11-27',	'Klarissa@Eggermann.ch',	'Klarissa',	'Eggermann',	NULL,	NULL,	NULL,	NULL,	NULL,	NULL,	3
0753	, 'K',	'1952-02-12',	'Caeser@Ekinci.ch',	'Caeser',	'Ekinci',	NULL,	NULL,	NULL,	NULL,	NULL,	NULL,	4
0754	, 'K',	'1950-01-28',	'Cindy@Espinho.ch',	'Cindy',	'Espinho',	NULL,	NULL,	NULL,	NULL,	NULL,	NULL,	5
0755	, 'K',	'1955-10-05',	'Kathrina@Flisch.ch',	'Kathrina',	'Flisch',	NULL,	NULL,	NULL,	NULL,	NULL,	NULL,	1
0756	, 'K',	'1957-05-01',	'Oswald@Francone.ch',	'Oswald',	'Francone',	NULL,	NULL,	NULL,	NULL,	NULL,	NULL,	2
0757	, 'K',	'1944-04-21',	'Susanna@Frick.ch',	'Susanna',	'Frick',	NULL,	NULL,	NULL,	NULL,	NULL,	NULL,	3
0758	, 'K',	'1965-08-30',	'Swen@Frischkopf.ch',	'Swen',	'Frischkopf',	NULL,	NULL,	NULL,	NULL,	NULL,	NULL,	4
0759	, 'K',	'1954-08-16',	'Lion@Fräfel.ch',	'Lion',	'Fräfel',	NULL,	NULL,	NULL,	NULL,	NULL,	NULL,	5
0760	, 'K',	'1947-03-26',	'Clementina@Fürer.ch',	'Clementina',	'Fürer',	NULL,	NULL,	NULL,	NULL,	NULL,	NULL,	1
0761	, 'K',	'1951-01-21',	'Antje@Fürst.ch',	'Antje',	'Fürst',	NULL,	NULL,	NULL,	NULL,	NULL,	NULL,	2
0762	, 'K',	'1952-10-08',	'Toni@Garius.ch',	'Toni',	'Garius',	NULL,	NULL,	NULL,	NULL,	NULL,	NULL,	3
0763	, 'K',	'1944-12-02',	'Theodor@Godio.ch',	'Theodor',	'Godio',	NULL,	NULL,	NULL,	NULL,	NULL,	NULL,	4
0764	, 'K',	'1957-01-25',	'Maren@Griffone.ch',	'Maren',	'Griffone',	NULL,	NULL,	NULL,	NULL,	NULL,	NULL,	5
0765	, 'K',	'1955-12-31',	'Daniela@Gschwend.ch',	'Daniela',	'Gschwend',	NULL,	NULL,	NULL,	NULL,	NULL,	NULL,	1
0766	, 'K',	'1948-04-25',	'Jens@Held.ch',	'Jens',	'Held',	NULL,	NULL,	NULL,	NULL,	NULL,	NULL,	2
0767	, 'K',	'1958-12-29',	'Uli@Iff.ch',	'Uli',	'Iff',	NULL,	NULL,	NULL,	NULL,	NULL,	NULL,	3
0768	, 'K',	'1945-12-12',	'Helen@Jans.ch',	'Helen',	'Jans',	NULL,	NULL,	NULL,	NULL,	NULL,	NULL,	4
0769	, 'K',	'1954-02-12',	'Jacob@Kaltenrieder.ch',	'Jacob',	'Kaltenrieder',	NULL,	NULL,	NULL,	NULL,	NULL,	NULL,	5
0770	, 'K',	'1954-12-27',	'Erich@König.ch',	'Erich',	'König',	NULL,	NULL,	NULL,	NULL,	NULL,	NULL,	1
0771	, 'K',	'1943-12-23',	'Joachim@Matschke.ch',	'Joachim',	'Matschke',	NULL,	NULL,	NULL,	NULL,	NULL,	NULL,	2
0772	, 'K',	'1964-12-16',	'Knut@Ruch.ch',	'Knut',	'Ruch',	NULL,	NULL,	NULL,	NULL,	NULL,	NULL,	3
0773	, 'K',	'1964-09-22',	'Klemens@Schlatter.ch',	'Klemens',	'Schlatter',	NULL,	NULL,	NULL,	NULL,	NULL,	NULL,	4
0774	, 'K',	'1948-04-30',	'Xander@Sollberger.ch',	'Xander',	'Sollberger',	NULL,	NULL,	NULL,	NULL,	NULL,	NULL,	5
0775	, 'K',	'1949-06-29',	'Giuliano@Turnes.ch',	'Giuliano',	'Turnes',	NULL,	NULL,	NULL,	NULL,	NULL,	NULL,	1
0776	, 'K',	'1943-12-29',	'Stephen@Weigand.ch',	'Stephen',	'Weigand',	NULL,	NULL,	NULL,	NULL,	NULL,	NULL,	2
0777	, 'K',	'1963-10-04',	'Henry@Weyermann.ch',	'Henry',	'Weyermann',	NULL,	NULL,	NULL,	NULL,	NULL,	NULL,	3
0778	, 'K',	'1953-11-28',	'Justus@Zoppi.ch',	'Justus',	'Zoppi',	NULL,	NULL,	NULL,	NULL,	NULL,	NULL,	4
0779	, 'K',	'1961-06-06',	'Franz@Adelmeyer.ch',	'Franz',	'Adelmeyer',	NULL,	NULL,	NULL,	NULL,	NULL,	NULL,	5
0780	, 'K',	'1962-06-12',	'Willi@Baiges.ch',	'Willi',	'Baiges',	NULL,	NULL,	NULL,	NULL,	NULL,	NULL,	1
0781	, 'K',	'1959-01-04',	'Kornelius@Bichsel.ch',	'Kornelius',	'Bichsel',	NULL,	NULL,	NULL,	NULL,	NULL,	NULL,	2
0782	, 'K',	'1951-01-12',	'Marilyn@Fadehl.ch',	'Marilyn',	'Fadehl',	NULL,	NULL,	NULL,	NULL,	NULL,	NULL,	3
0783	, 'K',	'1951-10-21',	'Joshua@Felder.ch',	'Joshua',	'Felder',	NULL,	NULL,	NULL,	NULL,	NULL,	NULL,	4
0784	, 'K',	'1955-12-14',	'Olaf@Friedli.ch',	'Olaf',	'Friedli',	NULL,	NULL,	NULL,	NULL,	NULL,	NULL,	5
0785	, 'K',	'1961-05-01',	'Konstanze@Gantenbein.ch',	'Konstanze',	'Gantenbein',	NULL,	NULL,	NULL,	NULL,	NULL,	NULL,	1
0786	, 'K',	'1955-07-13',	'Artur@Hugel.ch',	'Artur',	'Hugel',	NULL,	NULL,	NULL,	NULL,	NULL,	NULL,	2
0787	, 'K',	'1965-09-12',	'Dimitri@Palecek.ch',	'Dimitri',	'Palecek',	NULL,	NULL,	NULL,	NULL,	NULL,	NULL,	3
0788	, 'K',	'1946-11-28',	'Carsten@Rüttimann.ch',	'Carsten',	'Rüttimann',	NULL,	NULL,	NULL,	NULL,	NULL,	NULL,	4
0789	, 'K',	'1948-04-18',	'Augustus@Schori.ch',	'Augustus',	'Schori',	NULL,	NULL,	NULL,	NULL,	NULL,	NULL,	5
0790	, 'K',	'1953-07-05',	'Douglas@Simon.ch',	'Douglas',	'Simon',	NULL,	NULL,	NULL,	NULL,	NULL,	NULL,	1
0791	, 'K',	'1962-02-16',	'Kay@Trautmann.ch',	'Kay',	'Trautmann',	NULL,	NULL,	NULL,	NULL,	NULL,	NULL,	2
0792	, 'K',	'1967-08-30',	'Karola@Fabbrocile.ch',	'Karola',	'Fabbrocile',	NULL,	NULL,	NULL,	NULL,	NULL,	NULL,	3
0793	, 'K',	'1958-03-16',	'Moritz@Glanzmann.ch',	'Moritz',	'Glanzmann',	NULL,	NULL,	NULL,	NULL,	NULL,	NULL,	4
0794	, 'K',	'1946-11-05',	'Leopold@Held.ch',	'Leopold',	'Held',	NULL,	NULL,	NULL,	NULL,	NULL,	NULL,	5
0795	, 'K',	'1968-01-04',	'Astrid@Leuenberger.ch',	'Astrid',	'Leuenberger',	NULL,	NULL,	NULL,	NULL,	NULL,	NULL,	1
0796	, 'K',	'1959-12-12',	'Niels@Bürgi.ch',	'Niels',	'Bürgi',	NULL,	NULL,	NULL,	NULL,	NULL,	NULL,	2
0797	, 'K',	'1965-02-24',	'Evita@Dalcher.ch',	'Evita',	'Dalcher',	NULL,	NULL,	NULL,	NULL,	NULL,	NULL,	3
0798	, 'K',	'1944-04-28',	'Andy@Fesselet.ch',	'Andy',	'Fesselet',	NULL,	NULL,	NULL,	NULL,	NULL,	NULL,	4
0799	, 'K',	'1947-11-15',	'Vitalis@Fricker.ch',	'Vitalis',	'Fricker',	NULL,	NULL,	NULL,	NULL,	NULL,	NULL,	5
0800	, 'K',	'1951-03-10',	'Aaron@Fries.ch',	'Aaron',	'Fries',	NULL,	NULL,	NULL,	NULL,	NULL,	NULL,	1
0801	, 'K',	'1965-10-03',	'Aaron@Frnka.ch',	'Aaron',	'Frnka',	NULL,	NULL,	NULL,	NULL,	NULL,	NULL,	2
0802	, 'K',	'1946-12-27',	'Ulrich@Gloor.ch',	'Ulrich',	'Gloor',	NULL,	NULL,	NULL,	NULL,	NULL,	NULL,	3
0803	, 'K',	'1955-09-13',	'Fabienne@Gnach.ch',	'Fabienne',	'Gnach',	NULL,	NULL,	NULL,	NULL,	NULL,	NULL,	4
0804	, 'K',	'1952-06-28',	'Steve@Grezet.ch',	'Steve',	'Grezet',	NULL,	NULL,	NULL,	NULL,	NULL,	NULL,	5
0805	, 'K',	'1944-02-21',	'Heike@Hugel.ch',	'Heike',	'Hugel',	NULL,	NULL,	NULL,	NULL,	NULL,	NULL,	1
0806	, 'K',	'1949-08-25',	'Yannic@Hugi.ch',	'Yannic',	'Hugi',	NULL,	NULL,	NULL,	NULL,	NULL,	NULL,	2
0807	, 'K',	'1964-03-06',	'Julius@Kuster.ch',	'Julius',	'Kuster',	NULL,	NULL,	NULL,	NULL,	NULL,	NULL,	3
0808	, 'K',	'1961-07-23',	'Benito@Wittwer.ch',	'Benito',	'Wittwer',	NULL,	NULL,	NULL,	NULL,	NULL,	NULL,	4
0809	, 'K',	'1967-01-21',	'Edmund@Aeberli.ch',	'Edmund',	'Aeberli',	NULL,	NULL,	NULL,	NULL,	NULL,	NULL,	5
0810	, 'K',	'1963-07-03',	'Evelyn@Bernasconi.ch',	'Evelyn',	'Bernasconi',	NULL,	NULL,	NULL,	NULL,	NULL,	NULL,	1
0811	, 'K',	'1954-10-17',	'Boris@Fischer.ch',	'Boris',	'Fischer',	NULL,	NULL,	NULL,	NULL,	NULL,	NULL,	2
0812	, 'K',	'1946-07-18',	'Wladimir@Fischer.ch',	'Wladimir',	'Fischer',	NULL,	NULL,	NULL,	NULL,	NULL,	NULL,	3
0813	, 'K',	'1950-01-03',	'Vinzent@Geiser.ch',	'Vinzent',	'Geiser',	NULL,	NULL,	NULL,	NULL,	NULL,	NULL,	4
0814	, 'K',	'1963-10-13',	'Dustin@Imhof.ch',	'Dustin',	'Imhof',	NULL,	NULL,	NULL,	NULL,	NULL,	NULL,	5
0815	, 'K',	'1952-02-26',	'Ivo@Jüngling.ch',	'Ivo',	'Jüngling',	NULL,	NULL,	NULL,	NULL,	NULL,	NULL,	1
0816	, 'K',	'1967-05-24',	'Jeffery@Lang.ch',	'Jeffery',	'Lang',	NULL,	NULL,	NULL,	NULL,	NULL,	NULL,	2
0817	, 'K',	'1949-06-06',	'Irma@Lutz.ch',	'Irma',	'Lutz',	NULL,	NULL,	NULL,	NULL,	NULL,	NULL,	3
0818	, 'K',	'1943-11-17',	'Gwendolina@Matschke.ch',	'Gwendolina',	'Matschke',	NULL,	NULL,	NULL,	NULL,	NULL,	NULL,	4
0819	, 'K',	'1957-08-26',	'Theo@Reber.ch',	'Theo',	'Reber',	NULL,	NULL,	NULL,	NULL,	NULL,	NULL,	5
0820	, 'K',	'1960-11-25',	'Madita@Schär.ch',	'Madita',	'Schär',	NULL,	NULL,	NULL,	NULL,	NULL,	NULL,	1
0821	, 'K',	'1961-12-04',	'Nicolai@Siegenthaler.ch',	'Nicolai',	'Siegenthaler',	NULL,	NULL,	NULL,	NULL,	NULL,	NULL,	2
0822	, 'K',	'1965-06-28',	'Janosch@Steck.ch',	'Janosch',	'Steck',	NULL,	NULL,	NULL,	NULL,	NULL,	NULL,	3
0823	, 'K',	'1962-06-23',	'Eva@Walpen.ch',	'Eva',	'Walpen',	NULL,	NULL,	NULL,	NULL,	NULL,	NULL,	4
0824	, 'K',	'1945-03-29',	'Irma@Walpen.ch',	'Irma',	'Walpen',	NULL,	NULL,	NULL,	NULL,	NULL,	NULL,	5
0825	, 'K',	'1952-05-20',	'Jacky@Wegmüller.ch',	'Jacky',	'Wegmüller',	NULL,	NULL,	NULL,	NULL,	NULL,	NULL,	1
0826	, 'K',	'1955-10-29',	'Klemens@Wüst.ch',	'Klemens',	'Wüst',	NULL,	NULL,	NULL,	NULL,	NULL,	NULL,	2
0827	, 'K',	'1964-03-04',	'Rachel@Arnaboldi.ch',	'Rachel',	'Arnaboldi',	NULL,	NULL,	NULL,	NULL,	NULL,	NULL,	3
0828	, 'K',	'1945-11-28',	'Tanja@Auchli.ch',	'Tanja',	'Auchli',	NULL,	NULL,	NULL,	NULL,	NULL,	NULL,	4
0829	, 'K',	'1945-04-02',	'Ricarda@Bigler.ch',	'Ricarda',	'Bigler',	NULL,	NULL,	NULL,	NULL,	NULL,	NULL,	5
0830	, 'K',	'1963-05-31',	'Angela@Bühler.ch',	'Angela',	'Bühler',	NULL,	NULL,	NULL,	NULL,	NULL,	NULL,	1
0831	, 'K',	'1965-05-21',	'Erika@Enz.ch',	'Erika',	'Enz',	NULL,	NULL,	NULL,	NULL,	NULL,	NULL,	2
0832	, 'K',	'1967-02-20',	'Udele@Fivian.ch',	'Udele',	'Fivian',	NULL,	NULL,	NULL,	NULL,	NULL,	NULL,	3
0833	, 'K',	'1947-02-09',	'Isolde@Friedli.ch',	'Isolde',	'Friedli',	NULL,	NULL,	NULL,	NULL,	NULL,	NULL,	4
0834	, 'K',	'1947-07-22',	'Kathleen@Frischkopf.ch',	'Kathleen',	'Frischkopf',	NULL,	NULL,	NULL,	NULL,	NULL,	NULL,	5
0835	, 'K',	'1949-02-10',	'Stephanie@Hediger.ch',	'Stephanie',	'Hediger',	NULL,	NULL,	NULL,	NULL,	NULL,	NULL,	1
0836	, 'K',	'1955-04-06',	'Claus@Iff.ch',	'Claus',	'Iff',	NULL,	NULL,	NULL,	NULL,	NULL,	NULL,	2
0837	, 'K',	'1959-05-01',	'Ivan@Jöhl.ch',	'Ivan',	'Jöhl',	NULL,	NULL,	NULL,	NULL,	NULL,	NULL,	3
0838	, 'K',	'1947-06-23',	'Victor@Renggli.ch',	'Victor',	'Renggli',	NULL,	NULL,	NULL,	NULL,	NULL,	NULL,	4
0839	, 'K',	'1953-07-30',	'Heino@Röthlisberger.ch',	'Heino',	'Röthlisberger',	NULL,	NULL,	NULL,	NULL,	NULL,	NULL,	5
0840	, 'K',	'1953-06-29',	'Justina@Seethaler.ch',	'Justina',	'Seethaler',	NULL,	NULL,	NULL,	NULL,	NULL,	NULL,	1
0841	, 'K',	'1959-09-08',	'Steven@Spiegelberg.ch',	'Steven',	'Spiegelberg',	NULL,	NULL,	NULL,	NULL,	NULL,	NULL,	2
0842	, 'K',	'1945-03-03',	'Inge@Steiger.ch',	'Inge',	'Steiger',	NULL,	NULL,	NULL,	NULL,	NULL,	NULL,	3
0843	, 'K',	'1967-07-02',	'Patrizia@Vernocchi.ch',	'Patrizia',	'Vernocchi',	NULL,	NULL,	NULL,	NULL,	NULL,	NULL,	4
0844	, 'K',	'1958-04-14',	'Korinna@Weibel.ch',	'Korinna',	'Weibel',	NULL,	NULL,	NULL,	NULL,	NULL,	NULL,	5
0845	, 'K',	'1947-07-13',	'Nicola@Weigand.ch',	'Nicola',	'Weigand',	NULL,	NULL,	NULL,	NULL,	NULL,	NULL,	1
0846	, 'K',	'1949-02-04',	'Maike@Zaehner.ch',	'Maike',	'Zaehner',	NULL,	NULL,	NULL,	NULL,	NULL,	NULL,	2
0847	, 'K',	'1965-12-09',	'Annamaria@Zaugg.ch',	'Annamaria',	'Zaugg',	NULL,	NULL,	NULL,	NULL,	NULL,	NULL,	3
0848	, 'K',	'1964-04-14',	'Dario@Baeriswyl.ch',	'Dario',	'Baeriswyl',	NULL,	NULL,	NULL,	NULL,	NULL,	NULL,	4
0849	, 'K',	'1956-05-08',	'Netti@Brazerol.ch',	'Netti',	'Brazerol',	NULL,	NULL,	NULL,	NULL,	NULL,	NULL,	5
0850	, 'K',	'1962-12-09',	'Udele@Bättig.ch',	'Udele',	'Bättig',	NULL,	NULL,	NULL,	NULL,	NULL,	NULL,	1
0851	, 'K',	'1964-04-04',	'Roxanne@Erb.ch',	'Roxanne',	'Erb',	NULL,	NULL,	NULL,	NULL,	NULL,	NULL,	2
0852	, 'K',	'1957-01-23',	'Kristin@Fuss.ch',	'Kristin',	'Fuss',	NULL,	NULL,	NULL,	NULL,	NULL,	NULL,	3
0853	, 'K',	'1949-02-10',	'Martina@Gafner.ch',	'Martina',	'Gafner',	NULL,	NULL,	NULL,	NULL,	NULL,	NULL,	4
0854	, 'K',	'1959-01-25',	'Renato@Galambos.ch',	'Renato',	'Galambos',	NULL,	NULL,	NULL,	NULL,	NULL,	NULL,	5
0855	, 'K',	'1956-07-21',	'Fiona@Gschwend.ch',	'Fiona',	'Gschwend',	NULL,	NULL,	NULL,	NULL,	NULL,	NULL,	1
0856	, 'K',	'1955-10-13',	'Sebastiano@Imboden.ch',	'Sebastiano',	'Imboden',	NULL,	NULL,	NULL,	NULL,	NULL,	NULL,	2
0857	, 'K',	'1945-12-16',	'Paulina@Junker.ch',	'Paulina',	'Junker',	NULL,	NULL,	NULL,	NULL,	NULL,	NULL,	3
0858	, 'K',	'1966-12-11',	'Sophia@Kaatz.ch',	'Sophia',	'Kaatz',	NULL,	NULL,	NULL,	NULL,	NULL,	NULL,	4
0859	, 'K',	'1964-11-20',	'Lilo@Leibundgut.ch',	'Lilo',	'Leibundgut',	NULL,	NULL,	NULL,	NULL,	NULL,	NULL,	5
0860	, 'K',	'1954-03-19',	'Laurenzia@Mäder.ch',	'Laurenzia',	'Mäder',	NULL,	NULL,	NULL,	NULL,	NULL,	NULL,	1
0861	, 'K',	'1952-07-23',	'Valerio@Nohel.ch',	'Valerio',	'Nohel',	NULL,	NULL,	NULL,	NULL,	NULL,	NULL,	2
0862	, 'K',	'1964-05-31',	'Hauke@Plüss.ch',	'Hauke',	'Plüss',	NULL,	NULL,	NULL,	NULL,	NULL,	NULL,	3
0863	, 'K',	'1963-12-20',	'Madita@Sollberger.ch',	'Madita',	'Sollberger',	NULL,	NULL,	NULL,	NULL,	NULL,	NULL,	4
0864	, 'K',	'1950-09-26',	'Conny@Somm.ch',	'Conny',	'Somm',	NULL,	NULL,	NULL,	NULL,	NULL,	NULL,	5
0865	, 'K',	'1965-07-13',	'Karlheinz@Brönnimann.ch',	'Karlheinz',	'Brönnimann',	NULL,	NULL,	NULL,	NULL,	NULL,	NULL,	1
0866	, 'K',	'1962-02-06',	'Sebastiano@Egger.ch',	'Sebastiano',	'Egger',	NULL,	NULL,	NULL,	NULL,	NULL,	NULL,	2
0867	, 'K',	'1966-02-18',	'Vivian@Fontallez.ch',	'Vivian',	'Fontallez',	NULL,	NULL,	NULL,	NULL,	NULL,	NULL,	3
0868	, 'K',	'1952-09-07',	'Ywan@Gerbig.ch',	'Ywan',	'Gerbig',	NULL,	NULL,	NULL,	NULL,	NULL,	NULL,	4
0869	, 'K',	'1952-05-11',	'Alois@Gutjahr.ch',	'Alois',	'Gutjahr',	NULL,	NULL,	NULL,	NULL,	NULL,	NULL,	5
0870	, 'K',	'1961-04-24',	'Rainer@Joss.ch',	'Rainer',	'Joss',	NULL,	NULL,	NULL,	NULL,	NULL,	NULL,	1
0871	, 'K',	'1955-10-03',	'Siegmund@Jäger.ch',	'Siegmund',	'Jäger',	NULL,	NULL,	NULL,	NULL,	NULL,	NULL,	2
0872	, 'K',	'1955-07-04',	'Owe@Mahler.ch',	'Owe',	'Mahler',	NULL,	NULL,	NULL,	NULL,	NULL,	NULL,	3
0873	, 'K',	'1964-06-13',	'Yves@Marthaler.ch',	'Yves',	'Marthaler',	NULL,	NULL,	NULL,	NULL,	NULL,	NULL,	4
0874	, 'K',	'1958-06-26',	'Viola@Münger.ch',	'Viola',	'Münger',	NULL,	NULL,	NULL,	NULL,	NULL,	NULL,	5
0875	, 'K',	'1950-07-26',	'Bertold@Roggli.ch',	'Bertold',	'Roggli',	NULL,	NULL,	NULL,	NULL,	NULL,	NULL,	1
0876	, 'K',	'1959-07-23',	'Max@Schmied.ch',	'Max',	'Schmied',	NULL,	NULL,	NULL,	NULL,	NULL,	NULL,	2
0877	, 'K',	'1956-03-18',	'Eduard@Schoch.ch',	'Eduard',	'Schoch',	NULL,	NULL,	NULL,	NULL,	NULL,	NULL,	3
0878	, 'K',	'1961-01-14',	'Patrick@Schürch.ch',	'Patrick',	'Schürch',	NULL,	NULL,	NULL,	NULL,	NULL,	NULL,	4
0879	, 'K',	'1946-02-26',	'Marcel@Strahm.ch',	'Marcel',	'Strahm',	NULL,	NULL,	NULL,	NULL,	NULL,	NULL,	5
0880	, 'K',	'1966-01-22',	'Jim@Thüler.ch',	'Jim',	'Thüler',	NULL,	NULL,	NULL,	NULL,	NULL,	NULL,	1
0881	, 'K',	'1964-06-19',	'Nicolai@Allenbach.ch',	'Nicolai',	'Allenbach',	NULL,	NULL,	NULL,	NULL,	NULL,	NULL,	2
0882	, 'K',	'1951-05-25',	'Frances@Bader.ch',	'Frances',	'Bader',	NULL,	NULL,	NULL,	NULL,	NULL,	NULL,	3
0883	, 'K',	'1966-10-23',	'Gunther@Bader.ch',	'Gunther',	'Bader',	NULL,	NULL,	NULL,	NULL,	NULL,	NULL,	4
0884	, 'K',	'1950-02-16',	'Diana@Bebie.ch',	'Diana',	'Bebie',	NULL,	NULL,	NULL,	NULL,	NULL,	NULL,	5
0885	, 'K',	'1944-11-20',	'Doro@Elsener.ch',	'Doro',	'Elsener',	NULL,	NULL,	NULL,	NULL,	NULL,	NULL,	1
0886	, 'K',	'1945-03-23',	'Gerd@Enz.ch',	'Gerd',	'Enz',	NULL,	NULL,	NULL,	NULL,	NULL,	NULL,	2
0887	, 'K',	'1961-06-07',	'Nancy@Freivogel.ch',	'Nancy',	'Freivogel',	NULL,	NULL,	NULL,	NULL,	NULL,	NULL,	3
0888	, 'K',	'1959-07-08',	'Jacky@Fricker.ch',	'Jacky',	'Fricker',	NULL,	NULL,	NULL,	NULL,	NULL,	NULL,	4
0889	, 'K',	'1964-09-09',	'Nadine@Frischknecht.ch',	'Nadine',	'Frischknecht',	NULL,	NULL,	NULL,	NULL,	NULL,	NULL,	5
0890	, 'K',	'1946-11-13',	'Robert@Fuchs.ch',	'Robert',	'Fuchs',	NULL,	NULL,	NULL,	NULL,	NULL,	NULL,	1
0891	, 'K',	'1951-01-11',	'Tobi@Galambos.ch',	'Tobi',	'Galambos',	NULL,	NULL,	NULL,	NULL,	NULL,	NULL,	2
0892	, 'K',	'1947-05-27',	'Samira@Gisin.ch',	'Samira',	'Gisin',	NULL,	NULL,	NULL,	NULL,	NULL,	NULL,	3
0893	, 'K',	'1967-04-27',	'Renato@Hess.ch',	'Renato',	'Hess',	NULL,	NULL,	NULL,	NULL,	NULL,	NULL,	4
